[
    {
        "latitudine": 46.17583333333333,
        "longitudine": 21.318055555555556
    },
    {
        "latitudine": 46.17208333333333,
        "longitudine": 21.31563888888889
    },
    {
        "latitudine": 46.16719444444444,
        "longitudine": 21.311194444444446
    },
    {
        "latitudine": 46.17516666666666,
        "longitudine": 21.29138888888889
    },
    {
        "latitudine": 46.181777777777775,
        "longitudine": 21.310222222222222
    },
    {
        "latitudine": 46.202000000000005,
        "longitudine": 21.261305555555555
    },
    {
        "latitudine": 46.183027777777774,
        "longitudine": 21.324916666666667
    },
    {
        "latitudine": 46.16141666666667,
        "longitudine": 21.322555555555557
    },
    {
        "latitudine": 46.173944444444444,
        "longitudine": 21.371694444444444
    },
    {
        "latitudine": 46.1755,
        "longitudine": 21.319027777777777
    },
    {
        "latitudine": 46.17161111111111,
        "longitudine": 21.316111111111113
    },
    {
        "latitudine": 46.17041666666666,
        "longitudine": 21.3155
    },
    {
        "latitudine": 46.17027777777778,
        "longitudine": 21.313944444444445
    },
    {
        "latitudine": 46.17027777777778,
        "longitudine": 21.313694444444444
    },
    {
        "latitudine": 46.170138888888886,
        "longitudine": 21.31238888888889
    },
    {
        "latitudine": 46.17005555555556,
        "longitudine": 21.311555555555557
    },
    {
        "latitudine": 46.172999999999995,
        "longitudine": 21.309416666666667
    },
    {
        "latitudine": 46.17011111111111,
        "longitudine": 21.312416666666667
    },
    {
        "latitudine": 46.17977777777777,
        "longitudine": 21.316055555555558
    },
    {
        "latitudine": 46.179805555555554,
        "longitudine": 21.31625
    },
    {
        "latitudine": 46.17077777777777,
        "longitudine": 21.31588888888889
    },
    {
        "latitudine": 46.166222222222224,
        "longitudine": 21.322777777777777
    },
    {
        "latitudine": 46.170944444444444,
        "longitudine": 21.292722222222224
    },
    {
        "latitudine": 46.188805555555554,
        "longitudine": 21.325222222222223
    },
    {
        "latitudine": 46.200361111111114,
        "longitudine": 21.29452777777778
    },
    {
        "latitudine": 46.18408333333333,
        "longitudine": 21.324277777777777
    },
    {
        "latitudine": 46.171527777777776,
        "longitudine": 21.35386111111111
    },
    {
        "latitudine": 46.18311111111111,
        "longitudine": 21.323555555555554
    },
    {
        "latitudine": 46.1635,
        "longitudine": 21.32177777777778
    },
    {
        "latitudine": 46.161833333333334,
        "longitudine": 21.290722222222225
    },
    {
        "latitudine": 46.17919444444444,
        "longitudine": 21.310583333333334
    },
    {
        "latitudine": 46.17527777777777,
        "longitudine": 21.322666666666667
    },
    {
        "latitudine": 46.16630555555555,
        "longitudine": 21.319972222222223
    },
    {
        "latitudine": 46.17097222222222,
        "longitudine": 21.311111111111114
    },
    {
        "latitudine": 46.19113888888889,
        "longitudine": 21.307111111111112
    },
    {
        "latitudine": 46.18986111111111,
        "longitudine": 21.298555555555556
    },
    {
        "latitudine": 46.165,
        "longitudine": 21.303194444444443
    },
    {
        "latitudine": 46.16938888888889,
        "longitudine": 21.31147222222222
    },
    {
        "latitudine": 46.183749999999996,
        "longitudine": 21.295611111111114
    }
]