[
    {
        "latitudine": "46.7717671837587",
        "longitudine": "23.5878723664968"
    },
    {
        "latitudine": "46.7717808757484",
        "longitudine": "23.5878175856933"
    },
    {
        "latitudine": "46.7687406195393",
        "longitudine": "23.5877323466787"
    },
    {
        "latitudine": "46.7727108299502",
        "longitudine": "23.5888532295307"
    },
    {
        "latitudine": "46.7721865964696",
        "longitudine": "23.5894062048708"
    },
    {
        "latitudine": "46.7734936760939",
        "longitudine": "23.5880676217732"
    },
    {
        "latitudine": "46.7687298476051",
        "longitudine": "23.5877344617587"
    },
    {
        "latitudine": "46.7725623471612",
        "longitudine": "23.5878243343511"
    },
    {
        "latitudine": "46.7721783413165",
        "longitudine": "23.5865882231249"
    },
    {
        "latitudine": "46.7714711832024",
        "longitudine": "23.5866595037636"
    },
    {
        "latitudine": "46.7706806307302",
        "longitudine": "23.5871058814192"
    },
    {
        "latitudine": "46.7718631615768",
        "longitudine": "23.5933955399357"
    },
    {
        "latitudine": "46.76947",
        "longitudine": "23.58688"
    },
    {
        "latitudine": "46.769595",
        "longitudine": "23.587138"
    },
    {
        "latitudine": "46.7701404935815",
        "longitudine": "23.5883130270096"
    },
    {
        "latitudine": "46.7703621197973",
        "longitudine": "23.5885487632783"
    },
    {
        "latitudine": "46.7702488837755",
        "longitudine": "23.588399336983"
    },
    {
        "latitudine": "46.7701478395261",
        "longitudine": "23.588284290077"
    },
    {
        "latitudine": "46.7702412224226",
        "longitudine": "23.5884329837141"
    },
    {
        "latitudine": "46.7695247472146",
        "longitudine": "23.5894660230242"
    },
    {
        "latitudine": "46.7709270079748",
        "longitudine": "23.5898383159949"
    },
    {
        "latitudine": "46.7709481373352",
        "longitudine": "23.5898875552764"
    },
    {
        "latitudine": "46.7709221725187",
        "longitudine": "23.5898841980909"
    },
    {
        "latitudine": "46.7712752806366",
        "longitudine": "23.5910378382818"
    },
    {
        "latitudine": "46.7713830251496",
        "longitudine": "23.5916341378766"
    },
    {
        "latitudine": "46.770577251723",
        "longitudine": "23.592026594448"
    },
    {
        "latitudine": "46.7720297351203",
        "longitudine": "23.5907701355194"
    },
    {
        "latitudine": "46.7722108027167",
        "longitudine": "23.5914309388766"
    },
    {
        "latitudine": "46.7725015108341",
        "longitudine": "23.5923272702553"
    },
    {
        "latitudine": "46.7710412059771",
        "longitudine": "23.5878253531504"
    },
    {
        "latitudine": "46.7538651624691",
        "longitudine": "23.6115756546827"
    },
    {
        "latitudine": "46.7538398238368",
        "longitudine": "23.6116076880393"
    },
    {
        "latitudine": "46.7538562277674",
        "longitudine": "23.6115928225332"
    },
    {
        "latitudine": "46.7576067453224",
        "longitudine": "23.617320675751"
    },
    {
        "latitudine": "46.7569109183005",
        "longitudine": "23.6190751936345"
    },
    {
        "latitudine": "46.7568209161542",
        "longitudine": "23.6194506555504"
    },
    {
        "latitudine": "46.7520452494186",
        "longitudine": "23.6239067345901"
    },
    {
        "latitudine": "46754",
        "longitudine": "23.629887"
    },
    {
        "latitudine": "46.744653",
        "longitudine": "23.637281"
    },
    {
        "latitudine": "46.7429826688856",
        "longitudine": "23.6511284869738"
    },
    {
        "latitudine": "46.742957370589",
        "longitudine": "23.6512085952412"
    },
    {
        "latitudine": "46.742973169685",
        "longitudine": "23.6511684616701"
    },
    {
        "latitudine": "46.7506088546828",
        "longitudine": "23.6389284798392"
    },
    {
        "latitudine": "46.757705",
        "longitudine": "23.612801"
    },
    {
        "latitudine": "46.7599815504855",
        "longitudine": "23.6145282453704"
    },
    {
        "latitudine": "46.7600234464459",
        "longitudine": "23.6144644691734"
    },
    {
        "latitudine": "46.7598340836637",
        "longitudine": "23.6148680015974"
    },
    {
        "latitudine": "46.7626850399201",
        "longitudine": "23.6098155462407"
    },
    {
        "latitudine": "46.7646122285855",
        "longitudine": "23.6066431260485"
    },
    {
        "latitudine": "46.7636849926336",
        "longitudine": "23.5982673249245"
    },
    {
        "latitudine": "46.7616307377769",
        "longitudine": "23.6057991426364"
    },
    {
        "latitudine": "46.7621319571083",
        "longitudine": "23.6059662252428"
    },
    {
        "latitudine": "46.7636470023859",
        "longitudine": "23.598274326464"
    },
    {
        "latitudine": "46.7557188527734",
        "longitudine": "23.5994865534952"
    },
    {
        "latitudine": "46.756751826114",
        "longitudine": "23.6004688609808"
    },
    {
        "latitudine": "46.7366163544114",
        "longitudine": "23.6496594892402"
    },
    {
        "latitudine": "46.7614566748305",
        "longitudine": "23.5975374402564"
    },
    {
        "latitudine": "46.7585501299818",
        "longitudine": "23.5983313474153"
    },
    {
        "latitudine": "46.7583618532934",
        "longitudine": "23.5980257770029"
    },
    {
        "latitudine": "46.7619110615335",
        "longitudine": "23.5944872261682"
    },
    {
        "latitudine": "46.752694",
        "longitudine": "23.633086"
    },
    {
        "latitudine": "46.7575720919099",
        "longitudine": "23.6078337351242"
    },
    {
        "latitudine": "46.7563455838411",
        "longitudine": "23.6065005211577"
    },
    {
        "latitudine": "46.745349",
        "longitudine": "23.65337"
    },
    {
        "latitudine": "46.7504894138464",
        "longitudine": "23.6079875420286"
    },
    {
        "latitudine": "46.7166427769662",
        "longitudine": "23.5748560618168"
    },
    {
        "latitudine": "46.7511495079046",
        "longitudine": "23.5796203229863"
    },
    {
        "latitudine": "46.7120516641544",
        "longitudine": "23.5721131541662"
    },
    {
        "latitudine": "46.7120706365457",
        "longitudine": "23.5720648457684"
    },
    {
        "latitudine": "46.7120899452185",
        "longitudine": "23.5720732503681"
    },
    {
        "latitudine": "46.7516234808737",
        "longitudine": "23.5795201647316"
    },
    {
        "latitudine": "46.7373256389176",
        "longitudine": "23.5921609604967"
    },
    {
        "latitudine": "46.7373429440446",
        "longitudine": "23.5922072938458"
    },
    {
        "latitudine": "46.737341812419",
        "longitudine": "23.5922959385719"
    },
    {
        "latitudine": "46.7378306723895",
        "longitudine": "23.5914804043197"
    },
    {
        "latitudine": "46.7379960523238",
        "longitudine": "23.5910890376914"
    },
    {
        "latitudine": "46.7426606146092",
        "longitudine": "23.5890833139486"
    },
    {
        "latitudine": "46.7438647258155",
        "longitudine": "23.5923779293591"
    },
    {
        "latitudine": "46.7438863460301",
        "longitudine": "23.5923742762339"
    },
    {
        "latitudine": "46.7470460050147",
        "longitudine": "23.5926838164446"
    },
    {
        "latitudine": "46.7470216778379",
        "longitudine": "23.5925942189424"
    },
    {
        "latitudine": "46.7469901081927",
        "longitudine": "23.5926623113162"
    },
    {
        "latitudine": "46.7484066942287",
        "longitudine": "23.5933869948123"
    },
    {
        "latitudine": "46.7514504134692",
        "longitudine": "23.5948757268597"
    },
    {
        "latitudine": "46.7558429133124",
        "longitudine": "23.5962310663119"
    },
    {
        "latitudine": "46.7558457464681",
        "longitudine": "23.5961924625036"
    },
    {
        "latitudine": "46.7558740836519",
        "longitudine": "23.5962200358158"
    },
    {
        "latitudine": "46.7561540003162",
        "longitudine": "23.5963166668477"
    },
    {
        "latitudine": "46.7563473545938",
        "longitudine": "23.5971827888848"
    },
    {
        "latitudine": "46.7563213082664",
        "longitudine": "23.5972089722954"
    },
    {
        "latitudine": "46.7562741928318",
        "longitudine": "23.5971801111881"
    },
    {
        "latitudine": "46.7562492006346",
        "longitudine": "23.5972007512587"
    },
    {
        "latitudine": "46.7514894314562",
        "longitudine": "23.5986536029097"
    },
    {
        "latitudine": "46.7356329429556",
        "longitudine": "23.5942431196679"
    },
    {
        "latitudine": "46.7469575580528",
        "longitudine": "23.5829463729915"
    },
    {
        "latitudine": "46.7481745899905",
        "longitudine": "23.597518681839"
    },
    {
        "latitudine": "46.730227",
        "longitudine": "23.598807"
    },
    {
        "latitudine": "46.7153742335716",
        "longitudine": "23.5736259447446"
    },
    {
        "latitudine": "46.7424659625292",
        "longitudine": "23.5857098518864"
    },
    {
        "latitudine": "46.7437266855895",
        "longitudine": "23.5850929015761"
    },
    {
        "latitudine": "46.739672035204",
        "longitudine": "23.5863791845027"
    },
    {
        "latitudine": "46.734301106951",
        "longitudine": "23.5878761714166"
    },
    {
        "latitudine": "46.7334217938759",
        "longitudine": "23.5874626006137"
    },
    {
        "latitudine": "46.7279077342416",
        "longitudine": "23.5868724822545"
    },
    {
        "latitudine": "46.7240738845926",
        "longitudine": "23.5788850690306"
    },
    {
        "latitudine": "46.7219124745863",
        "longitudine": "23.5779362395342"
    },
    {
        "latitudine": "46.722083813935",
        "longitudine": "23.577761077176"
    },
    {
        "latitudine": "46.7502336456478",
        "longitudine": "23.5571766874162"
    },
    {
        "latitudine": "46.7516125062273",
        "longitudine": "23.5552146788503"
    },
    {
        "latitudine": "46.7512524056813",
        "longitudine": "23.5554846761073"
    },
    {
        "latitudine": "46.750408",
        "longitudine": "23.561077"
    },
    {
        "latitudine": "46.7512231944064",
        "longitudine": "23.5554771524868"
    },
    {
        "latitudine": "46.7487990660841",
        "longitudine": "23.5627560927039"
    },
    {
        "latitudine": "46.741804",
        "longitudine": "23.571767"
    },
    {
        "latitudine": "46.745929",
        "longitudine": "23.569506"
    },
    {
        "latitudine": "46.7522505565511",
        "longitudine": "23.5650830183775"
    },
    {
        "latitudine": "46.7555185195603",
        "longitudine": "23.5641504680208"
    },
    {
        "latitudine": "46.7555102893364",
        "longitudine": "23.5641944382361"
    },
    {
        "latitudine": "46.755541747145",
        "longitudine": "23.564205379195"
    },
    {
        "latitudine": "46.7555394504212",
        "longitudine": "23.5641522281839"
    },
    {
        "latitudine": "46.7521070088686",
        "longitudine": "23.5631583178458"
    },
    {
        "latitudine": "46.7524802428819",
        "longitudine": "23.5625713976587"
    },
    {
        "latitudine": "46.753546611752",
        "longitudine": "23.5676677350173"
    },
    {
        "latitudine": "46.7532698132275",
        "longitudine": "23.554389329965"
    },
    {
        "latitudine": "46.7535011014488",
        "longitudine": "23.5545589002738"
    },
    {
        "latitudine": "46.7510660591693",
        "longitudine": "23.560459826284"
    },
    {
        "latitudine": "46.753827",
        "longitudine": "23.556203"
    },
    {
        "latitudine": "46.753391",
        "longitudine": "23.560834"
    },
    {
        "latitudine": "46.748464",
        "longitudine": "23.567678"
    },
    {
        "latitudine": "46.755315",
        "longitudine": "23.560177"
    },
    {
        "latitudine": "46.7555298092366",
        "longitudine": "23.5609866410224"
    },
    {
        "latitudine": "46.7512141701037",
        "longitudine": "23.5508881626263"
    },
    {
        "latitudine": "46.751587691734",
        "longitudine": "23.5507830512785"
    },
    {
        "latitudine": "46.7542186821317",
        "longitudine": "23.5537460141529"
    },
    {
        "latitudine": "46.7541842363942",
        "longitudine": "23.5538073463293"
    },
    {
        "latitudine": "46.7543296704479",
        "longitudine": "23.5545451620765"
    },
    {
        "latitudine": "46.7551435220036",
        "longitudine": "23.5570587313334"
    },
    {
        "latitudine": "46.7549208949939",
        "longitudine": "23.5561177552243"
    },
    {
        "latitudine": "46.7543315590503",
        "longitudine": "23.5608289942484"
    },
    {
        "latitudine": "46.7528431857771",
        "longitudine": "23.5603889258128"
    },
    {
        "latitudine": "46.755706906911",
        "longitudine": "23.5369506779354"
    },
    {
        "latitudine": "46.7550791450667",
        "longitudine": "23.5350034100139"
    },
    {
        "latitudine": "46.7551111318795",
        "longitudine": "23.5349806422985"
    },
    {
        "latitudine": "46.7551468920628",
        "longitudine": "23.5349863095229"
    },
    {
        "latitudine": "46.7551752913758",
        "longitudine": "23.5349676331025"
    },
    {
        "latitudine": "46.7553281985464",
        "longitudine": "23.5353858864047"
    },
    {
        "latitudine": "46.7556853339571",
        "longitudine": "23.5368709079531"
    },
    {
        "latitudine": "46.754306274778",
        "longitudine": "23.5429581744913"
    },
    {
        "latitudine": "46.745656530232",
        "longitudine": "23.5356462374897"
    },
    {
        "latitudine": "46.7456747709636",
        "longitudine": "23.5356776227897"
    },
    {
        "latitudine": "46.7456777149697",
        "longitudine": "23.5356632387494"
    },
    {
        "latitudine": "46.741623",
        "longitudine": "23.536347"
    },
    {
        "latitudine": "46.7514415575145",
        "longitudine": "23.5440946483889"
    },
    {
        "latitudine": "46.7514290170465",
        "longitudine": "23.5441249842464"
    },
    {
        "latitudine": "46.7520903321103",
        "longitudine": "23.5436322572804"
    },
    {
        "latitudine": "46.7517419699009",
        "longitudine": "23.5442484121544"
    },
    {
        "latitudine": "46.7526075378454",
        "longitudine": "23.5476838501176"
    },
    {
        "latitudine": "46.7535843317808",
        "longitudine": "23.5502165655465"
    },
    {
        "latitudine": "46.7541299652877",
        "longitudine": "23.5499002252501"
    },
    {
        "latitudine": "46.75561",
        "longitudine": "23.553945"
    },
    {
        "latitudine": "46.7576955903143",
        "longitudine": "23.5568321586474"
    },
    {
        "latitudine": "46.7574484693444",
        "longitudine": "23.5567497944721"
    },
    {
        "latitudine": "46.7587733616914",
        "longitudine": "23.5572985038527"
    },
    {
        "latitudine": "46.7603319263351",
        "longitudine": "23.5580962218883"
    },
    {
        "latitudine": "46.7600314936465",
        "longitudine": "23.5581384222843"
    },
    {
        "latitudine": "46.7485083465236",
        "longitudine": "23.5378266640047"
    },
    {
        "latitudine": "46.7362613276957",
        "longitudine": "23.5322122510567"
    },
    {
        "latitudine": "46.7603744910298",
        "longitudine": "23.5567789690863"
    },
    {
        "latitudine": "46.7594351843291",
        "longitudine": "23.5540926900667"
    },
    {
        "latitudine": "46.7592380117379",
        "longitudine": "23.5533523279508"
    },
    {
        "latitudine": "46.7587529897738",
        "longitudine": "23.5514419532875"
    },
    {
        "latitudine": "46.7589413672272",
        "longitudine": "23.5513173428464"
    },
    {
        "latitudine": "46.7590178237698",
        "longitudine": "23.5515760624934"
    },
    {
        "latitudine": "46.759000773523",
        "longitudine": "23.5515232755191"
    },
    {
        "latitudine": "46.7589886127503",
        "longitudine": "23.5515938215236"
    },
    {
        "latitudine": "46.758815901572",
        "longitudine": "23.5517193266223"
    },
    {
        "latitudine": "46.7588026109262",
        "longitudine": "23.5516407424306"
    },
    {
        "latitudine": "46.7588437740357",
        "longitudine": "23.5516712607221"
    },
    {
        "latitudine": "46.7566285836717",
        "longitudine": "23.5515453561597"
    },
    {
        "latitudine": "46.7561194746689",
        "longitudine": "23.5484547080796"
    },
    {
        "latitudine": "46.7567718771945",
        "longitudine": "23.5481636819559"
    },
    {
        "latitudine": "46.7578525025118",
        "longitudine": "23.5472784326966"
    },
    {
        "latitudine": "46.757901019469",
        "longitudine": "23.5478300619592"
    },
    {
        "latitudine": "46.7665801750254",
        "longitudine": "23.5497684377102"
    },
    {
        "latitudine": "46.767009637021",
        "longitudine": "23.5499184899371"
    },
    {
        "latitudine": "46.7646136209028",
        "longitudine": "23.5642654603782"
    },
    {
        "latitudine": "46.770684",
        "longitudine": "23.551651"
    },
    {
        "latitudine": "46.769559",
        "longitudine": "23.554979"
    },
    {
        "latitudine": "46.7676257292504",
        "longitudine": "23.5559628855211"
    },
    {
        "latitudine": "46.76848",
        "longitudine": "23.56011"
    },
    {
        "latitudine": "46.7684799870029",
        "longitudine": "23.5601186070226"
    },
    {
        "latitudine": "46.7701666770016",
        "longitudine": "23.5597747845506"
    },
    {
        "latitudine": "46.7705908667195",
        "longitudine": "23.5604807909898"
    },
    {
        "latitudine": "46.7707784546139",
        "longitudine": "23.5655894937869"
    },
    {
        "latitudine": "46.7700045799647",
        "longitudine": "23.5660290193535"
    },
    {
        "latitudine": "46.7697364270716",
        "longitudine": "23.5693438235918"
    },
    {
        "latitudine": "46.7688266361662",
        "longitudine": "23.5674891017759"
    },
    {
        "latitudine": "46.7689097237871",
        "longitudine": "23.5676905207306"
    },
    {
        "latitudine": "46.7690106590879",
        "longitudine": "23.5676099608833"
    },
    {
        "latitudine": "46.7681439029342",
        "longitudine": "23.548931398103"
    },
    {
        "latitudine": "46.7576625191359",
        "longitudine": "23.5455157757765"
    },
    {
        "latitudine": "46.7576433029195",
        "longitudine": "23.5454126146996"
    },
    {
        "latitudine": "46.7577042187498",
        "longitudine": "23.5454535715227"
    },
    {
        "latitudine": "46.7574611820284",
        "longitudine": "23.545542735272"
    },
    {
        "latitudine": "46.7574301136175",
        "longitudine": "23.5455804683339"
    },
    {
        "latitudine": "46.7574219328929",
        "longitudine": "23.5454841362561"
    },
    {
        "latitudine": "46.761977",
        "longitudine": "23.562343"
    },
    {
        "latitudine": "46.76666",
        "longitudine": "23.550694"
    },
    {
        "latitudine": "46.7710169647961",
        "longitudine": "23.5530079328959"
    },
    {
        "latitudine": "46.76976",
        "longitudine": "23.564607"
    },
    {
        "latitudine": "46.770537",
        "longitudine": "23.567488"
    },
    {
        "latitudine": "46.7625259491405",
        "longitudine": "23.5571201313744"
    },
    {
        "latitudine": "46.7627756905693",
        "longitudine": "23.5594652223941"
    },
    {
        "latitudine": "46.7613654756188",
        "longitudine": "23.5530504555455"
    },
    {
        "latitudine": "46.7627401665944",
        "longitudine": "23.5528400387525"
    },
    {
        "latitudine": "46.7609025906478",
        "longitudine": "23.5474378943981"
    },
    {
        "latitudine": "46.758169",
        "longitudine": "23.546443"
    },
    {
        "latitudine": "46.7609126894658",
        "longitudine": "23.5441536785393"
    },
    {
        "latitudine": "46.7610077399693",
        "longitudine": "23.5442099482674"
    },
    {
        "latitudine": "46.7609445032727",
        "longitudine": "23.5441957305508"
    },
    {
        "latitudine": "46.7647415707235",
        "longitudine": "23.5426913842825"
    },
    {
        "latitudine": "46.7647699196803",
        "longitudine": "23.542678646271"
    },
    {
        "latitudine": "46.7647898164142",
        "longitudine": "23.5426780399627"
    },
    {
        "latitudine": "46.7649940813168",
        "longitudine": "23.5441168736314"
    },
    {
        "latitudine": "46.765608708335",
        "longitudine": "23.5507016057163"
    },
    {
        "latitudine": "46.7656064175858",
        "longitudine": "23.5507843202254"
    },
    {
        "latitudine": "46.7655991757206",
        "longitudine": "23.5507411922064"
    },
    {
        "latitudine": "46.7659342837566",
        "longitudine": "23.5500229081728"
    },
    {
        "latitudine": "46.773017776406",
        "longitudine": "23.5619945225569"
    },
    {
        "latitudine": "46.7728805578332",
        "longitudine": "23.5613646357249"
    },
    {
        "latitudine": "46.7797077410232",
        "longitudine": "23.5819772103935"
    },
    {
        "latitudine": "46.7768083149311",
        "longitudine": "23.5611635753713"
    },
    {
        "latitudine": "46.7764938371686",
        "longitudine": "23.5624263198824"
    },
    {
        "latitudine": "46.7798715207164",
        "longitudine": "23.5823685863453"
    },
    {
        "latitudine": "46.7804162678501",
        "longitudine": "23.5617104370044"
    },
    {
        "latitudine": "46.7796388412763",
        "longitudine": "23.5823524403491"
    },
    {
        "latitudine": "46.7833277469077",
        "longitudine": "23.5579366346668"
    },
    {
        "latitudine": "46.7836292215233",
        "longitudine": "23.5577602077719"
    },
    {
        "latitudine": "46.7801477009287",
        "longitudine": "23.5805434412433"
    },
    {
        "latitudine": "46.7847722534052",
        "longitudine": "23.5548080079235"
    },
    {
        "latitudine": "46.7846725421652",
        "longitudine": "23.5548006817183"
    },
    {
        "latitudine": "46.7847948009247",
        "longitudine": "23.55482822114"
    },
    {
        "latitudine": "46.784692816426",
        "longitudine": "23.5548116762533"
    },
    {
        "latitudine": "46.7848120767277",
        "longitudine": "23.554821466774"
    },
    {
        "latitudine": "46.7854247722398",
        "longitudine": "23.5549839956304"
    },
    {
        "latitudine": "46.784428",
        "longitudine": "23.543512"
    },
    {
        "latitudine": "46.7853481061549",
        "longitudine": "23.5360881998844"
    },
    {
        "latitudine": "46.7854528611899",
        "longitudine": "23.5363050370116"
    },
    {
        "latitudine": "46.7862887153725",
        "longitudine": "23.560795383959"
    },
    {
        "latitudine": "46.7864498842142",
        "longitudine": "23.560243880162"
    },
    {
        "latitudine": "46.786469351007",
        "longitudine": "23.5602934510815"
    },
    {
        "latitudine": "46.785286",
        "longitudine": "23.566201"
    },
    {
        "latitudine": "46.7842764263198",
        "longitudine": "23.5695506051813"
    },
    {
        "latitudine": "46.796883",
        "longitudine": "23.537252"
    },
    {
        "latitudine": "46.7768857850501",
        "longitudine": "23.5819920253781"
    },
    {
        "latitudine": "46.779008",
        "longitudine": "23.579462"
    },
    {
        "latitudine": "46.7769387701035",
        "longitudine": "23.5818082563143"
    },
    {
        "latitudine": "46.771659",
        "longitudine": "23.558736"
    },
    {
        "latitudine": "46.7744564264994",
        "longitudine": "23.5827655017159"
    },
    {
        "latitudine": "46.7743169988055",
        "longitudine": "23.5832674680311"
    },
    {
        "latitudine": "46.7803946993061",
        "longitudine": "23.5762758790186"
    },
    {
        "latitudine": "46.7777087491383",
        "longitudine": "23.5771999624031"
    },
    {
        "latitudine": "46.780276",
        "longitudine": "23.572208"
    },
    {
        "latitudine": "46.774033",
        "longitudine": "23.580176"
    },
    {
        "latitudine": "46.7761326388169",
        "longitudine": "23.5742459186545"
    },
    {
        "latitudine": "46.7760925732663",
        "longitudine": "23.5719296560814"
    },
    {
        "latitudine": "46.7728854320492",
        "longitudine": "23.5711787058885"
    },
    {
        "latitudine": "46.7881245560533",
        "longitudine": "23.5799119101295"
    },
    {
        "latitudine": "46.7776632179727",
        "longitudine": "23.5873164710468"
    },
    {
        "latitudine": "46.786902",
        "longitudine": "23.575696"
    },
    {
        "latitudine": "46.7773456295567",
        "longitudine": "23.5878719584594"
    },
    {
        "latitudine": "46.789485",
        "longitudine": "23.573713"
    },
    {
        "latitudine": "46.79261",
        "longitudine": "23.575066"
    },
    {
        "latitudine": "46.7888113158552",
        "longitudine": "23.578824869203"
    },
    {
        "latitudine": "46.786078",
        "longitudine": "23.587981"
    },
    {
        "latitudine": "46.7918578295626",
        "longitudine": "23.5915522198323"
    },
    {
        "latitudine": "46.7934526235323",
        "longitudine": "23.5923584982085"
    },
    {
        "latitudine": "46.7947733454006",
        "longitudine": "23.6012306379762"
    },
    {
        "latitudine": "46.7911521126919",
        "longitudine": "23.5988868303396"
    },
    {
        "latitudine": "46.7909445938685",
        "longitudine": "23.5986940451741"
    },
    {
        "latitudine": "46.7880738685818",
        "longitudine": "23.5967751171295"
    },
    {
        "latitudine": "46.7876038904454",
        "longitudine": "23.596760835082"
    },
    {
        "latitudine": "46.7854515543011",
        "longitudine": "23.5964260119651"
    },
    {
        "latitudine": "46.7804325107551",
        "longitudine": "23.5874726646632"
    },
    {
        "latitudine": "46.7792774208069",
        "longitudine": "23.5842699978355"
    },
    {
        "latitudine": "46.7805736231551",
        "longitudine": "23.5834628898906"
    },
    {
        "latitudine": "46.7840596926098",
        "longitudine": "23.5863603961172"
    },
    {
        "latitudine": "46.7840868364532",
        "longitudine": "23.5868535504539"
    },
    {
        "latitudine": "46.7841247970467",
        "longitudine": "23.5870061976001"
    },
    {
        "latitudine": "46.7841892389752",
        "longitudine": "23.5872343247461"
    },
    {
        "latitudine": "46.7825261328963",
        "longitudine": "23.587589328191"
    },
    {
        "latitudine": "46.7838669788825",
        "longitudine": "23.5874363904708"
    },
    {
        "latitudine": "46.7839175992721",
        "longitudine": "23.5875099226645"
    },
    {
        "latitudine": "46.784161503116",
        "longitudine": "23.5876270724247"
    },
    {
        "latitudine": "46.7840164672782",
        "longitudine": "23.5874831706371"
    },
    {
        "latitudine": "46.7842604553611",
        "longitudine": "23.5875096324632"
    },
    {
        "latitudine": "46.784303736142",
        "longitudine": "23.5873901271272"
    },
    {
        "latitudine": "46.7843414263773",
        "longitudine": "23.5876011284783"
    },
    {
        "latitudine": "46.7845037086281",
        "longitudine": "23.5890714915202"
    },
    {
        "latitudine": "46.7841948200407",
        "longitudine": "23.5876227861132"
    },
    {
        "latitudine": "46.7842025450347",
        "longitudine": "23.5876651975969"
    },
    {
        "latitudine": "46.7840718548693",
        "longitudine": "23.5881352225089"
    },
    {
        "latitudine": "46.7841852720562",
        "longitudine": "23.5888137531313"
    },
    {
        "latitudine": "46.7840271937196",
        "longitudine": "23.5865083244364"
    },
    {
        "latitudine": "46.7839735045846",
        "longitudine": "23.5862308577923"
    },
    {
        "latitudine": "46.7836026383917",
        "longitudine": "23.5843358179361"
    },
    {
        "latitudine": "46.783909802686",
        "longitudine": "23.5849513639844"
    },
    {
        "latitudine": "46.783903",
        "longitudine": "23.584883"
    },
    {
        "latitudine": "46.7846188095904",
        "longitudine": "23.5831969148357"
    },
    {
        "latitudine": "46.7866980399401",
        "longitudine": "23.5810101621494"
    },
    {
        "latitudine": "46.7992349357045",
        "longitudine": "23.6075009969661"
    },
    {
        "latitudine": "46.7970700748314",
        "longitudine": "23.6125145783843"
    },
    {
        "latitudine": "46.7978234925997",
        "longitudine": "23.6122476921816"
    },
    {
        "latitudine": "46.797586394994",
        "longitudine": "23.6124523916731"
    },
    {
        "latitudine": "46.7839741957768",
        "longitudine": "23.6019846897376"
    },
    {
        "latitudine": "46.7967692158913",
        "longitudine": "23.6175511376687"
    },
    {
        "latitudine": "46.7843937167523",
        "longitudine": "23.6024736499384"
    },
    {
        "latitudine": "46.7952653032425",
        "longitudine": "23.6139722360222"
    },
    {
        "latitudine": "46.7957560288837",
        "longitudine": "23.61366242294"
    },
    {
        "latitudine": "46.7851049739358",
        "longitudine": "23.6035137134408"
    },
    {
        "latitudine": "46.788222546777",
        "longitudine": "23.615108627597"
    },
    {
        "latitudine": "46.7873607627726",
        "longitudine": "23.6147155945084"
    },
    {
        "latitudine": "46.7852223909458",
        "longitudine": "23.6155192492075"
    },
    {
        "latitudine": "46.7853086250538",
        "longitudine": "23.6115500885482"
    },
    {
        "latitudine": "46.7841051514219",
        "longitudine": "23.6132323816629"
    },
    {
        "latitudine": "46.7849450253804",
        "longitudine": "23.613506022109"
    },
    {
        "latitudine": "46.7849416972519",
        "longitudine": "23.6135574807016"
    },
    {
        "latitudine": "46.7847908725289",
        "longitudine": "23.6135951273832"
    },
    {
        "latitudine": "46.7847873353758",
        "longitudine": "23.6136364521387"
    },
    {
        "latitudine": "46.7848642810415",
        "longitudine": "23.6130063897484"
    },
    {
        "latitudine": "46.7845839635614",
        "longitudine": "23.6145941679696"
    },
    {
        "latitudine": "46.78388",
        "longitudine": "23.609235"
    },
    {
        "latitudine": "46.797569",
        "longitudine": "23.605218"
    },
    {
        "latitudine": "46.7956559340967",
        "longitudine": "23.6284117626039"
    },
    {
        "latitudine": "46.7960732888093",
        "longitudine": "23.6335351935857"
    },
    {
        "latitudine": "46.7860147137959",
        "longitudine": "23.6047840772076"
    },
    {
        "latitudine": "46.822114",
        "longitudine": "23.595126"
    },
    {
        "latitudine": "46.7860183263662",
        "longitudine": "23.6047862310418"
    },
    {
        "latitudine": "46.843999",
        "longitudine": "23.557118"
    },
    {
        "latitudine": "46.7861857118241",
        "longitudine": "23.6050606245866"
    },
    {
        "latitudine": "46.791079",
        "longitudine": "23.608073"
    },
    {
        "latitudine": "46.786630882478",
        "longitudine": "23.6054239057404"
    },
    {
        "latitudine": "46.79124",
        "longitudine": "23.61609"
    },
    {
        "latitudine": "46.7912711269263",
        "longitudine": "23.6054802927584"
    },
    {
        "latitudine": "46.7924883848983",
        "longitudine": "23.6025805778416"
    },
    {
        "latitudine": "46.794103",
        "longitudine": "23.605869"
    },
    {
        "latitudine": "46.7951287149256",
        "longitudine": "23.6099623360839"
    },
    {
        "latitudine": "46.7949603957809",
        "longitudine": "23.6105317929279"
    },
    {
        "latitudine": "46.798901754819",
        "longitudine": "23.6074521023207"
    },
    {
        "latitudine": "46.7992550388241",
        "longitudine": "23.6078730661751"
    },
    {
        "latitudine": "46.8206222108989",
        "longitudine": "23.5957283515034"
    },
    {
        "latitudine": "46.8206651170073",
        "longitudine": "23.5957870821216"
    },
    {
        "latitudine": "46.8206195381459",
        "longitudine": "23.5956777362179"
    },
    {
        "latitudine": "46.807225762918",
        "longitudine": "23.6060258927305"
    },
    {
        "latitudine": "46.7904204397616",
        "longitudine": "23.6277703504536"
    },
    {
        "latitudine": "46.7909339703825",
        "longitudine": "23.6278828014428"
    },
    {
        "latitudine": "46.779213",
        "longitudine": "23.606083"
    },
    {
        "latitudine": "46.779715",
        "longitudine": "23.617392"
    },
    {
        "latitudine": "46.784647",
        "longitudine": "23.62932"
    },
    {
        "latitudine": "46.7839649759607",
        "longitudine": "23.6249581375929"
    },
    {
        "latitudine": "46.784135290181",
        "longitudine": "23.6280431306025"
    },
    {
        "latitudine": "46.7830580257433",
        "longitudine": "23.6278928950765"
    },
    {
        "latitudine": "46.7831920056175",
        "longitudine": "23.6297042773345"
    },
    {
        "latitudine": "46.783348",
        "longitudine": "23.631299"
    },
    {
        "latitudine": "46.7828478253696",
        "longitudine": "23.6318412187778"
    },
    {
        "latitudine": "46.7828603972627",
        "longitudine": "23.6322470657451"
    },
    {
        "latitudine": "46.7832660367191",
        "longitudine": "23.6373503331439"
    },
    {
        "latitudine": "46.783037378207",
        "longitudine": "23.6362133608217"
    },
    {
        "latitudine": "46.7820809109606",
        "longitudine": "23.6285630845013"
    },
    {
        "latitudine": "46.7817143127416",
        "longitudine": "23.6266686537391"
    },
    {
        "latitudine": "46.7817582550461",
        "longitudine": "23.6279495356159"
    },
    {
        "latitudine": "46.781828",
        "longitudine": "23.622457"
    },
    {
        "latitudine": "46.7816140532296",
        "longitudine": "23.6173324227413"
    },
    {
        "latitudine": "46.7820433002677",
        "longitudine": "23.618871492008"
    },
    {
        "latitudine": "46.7806154229012",
        "longitudine": "23.6046794328148"
    },
    {
        "latitudine": "46.7801412560291",
        "longitudine": "23.6203066223735"
    },
    {
        "latitudine": "46.7805960352031",
        "longitudine": "23.6049204675366"
    },
    {
        "latitudine": "46.7826257106928",
        "longitudine": "23.6185945951891"
    },
    {
        "latitudine": "46.781205",
        "longitudine": "23.604131"
    },
    {
        "latitudine": "46.7794285739361",
        "longitudine": "23.6157448131558"
    },
    {
        "latitudine": "46.7812269629598",
        "longitudine": "23.6081835609558"
    },
    {
        "latitudine": "46.7810707326148",
        "longitudine": "23.6069657823508"
    },
    {
        "latitudine": "46.7790011721309",
        "longitudine": "23.6095480821735"
    },
    {
        "latitudine": "46.7784410522855",
        "longitudine": "23.6098111769578"
    },
    {
        "latitudine": "46.779553",
        "longitudine": "23.614365"
    },
    {
        "latitudine": "46.782053158102",
        "longitudine": "23.6133802878686"
    },
    {
        "latitudine": "46.7820192362897",
        "longitudine": "23.6130477461222"
    },
    {
        "latitudine": "46.7818288612325",
        "longitudine": "23.6134359253448"
    },
    {
        "latitudine": "46.788334256349",
        "longitudine": "23.6190741795109"
    },
    {
        "latitudine": "46.789788",
        "longitudine": "23.624275"
    },
    {
        "latitudine": "46.7878605264337",
        "longitudine": "23.6276869579965"
    },
    {
        "latitudine": "46.787827",
        "longitudine": "23.627272"
    },
    {
        "latitudine": "46.7814340921097",
        "longitudine": "23.6896593875695"
    },
    {
        "latitudine": "46.7813543363119",
        "longitudine": "23.6878619111998"
    },
    {
        "latitudine": "46.7814509268404",
        "longitudine": "23.6896498540577"
    },
    {
        "latitudine": "46.7814677732593",
        "longitudine": "23.6896526133777"
    },
    {
        "latitudine": "46.781506840191",
        "longitudine": "23.689688490324"
    },
    {
        "latitudine": "46.7815336775058",
        "longitudine": "23.6896771882824"
    },
    {
        "latitudine": "46.7867901372387",
        "longitudine": "23.6399774031168"
    },
    {
        "latitudine": "46.781968815173",
        "longitudine": "23.6990221849922"
    },
    {
        "latitudine": "46.7792951845707",
        "longitudine": "23.6938231430409"
    },
    {
        "latitudine": "46.778220701577",
        "longitudine": "23.6876550016678"
    },
    {
        "latitudine": "46.7783868161369",
        "longitudine": "23.6813349475513"
    },
    {
        "latitudine": "46.7784040167019",
        "longitudine": "23.6813752939464"
    },
    {
        "latitudine": "46.7784059837054",
        "longitudine": "23.6814046469731"
    },
    {
        "latitudine": "46.7843174606822",
        "longitudine": "23.6514029824208"
    },
    {
        "latitudine": "46.7840632516909",
        "longitudine": "23.6465888106767"
    },
    {
        "latitudine": "46.7831334738446",
        "longitudine": "23.6427955608894"
    },
    {
        "latitudine": "46.7834716125244",
        "longitudine": "23.6435528882719"
    },
    {
        "latitudine": "46.7820444603328",
        "longitudine": "23.6405624238372"
    },
    {
        "latitudine": "46.7818844149257",
        "longitudine": "23.6411918179931"
    },
    {
        "latitudine": "46.7814303243933",
        "longitudine": "23.6409528054088"
    },
    {
        "latitudine": "46.7884659779319",
        "longitudine": "23.6456370444102"
    },
    {
        "latitudine": "46.7834213342841",
        "longitudine": "23.6417432679012"
    },
    {
        "latitudine": "46.7909784800792",
        "longitudine": "23.6503569135234"
    },
    {
        "latitudine": "46.7862709164569",
        "longitudine": "23.6459950746475"
    },
    {
        "latitudine": "46.7964859994524",
        "longitudine": "23.6464569878198"
    },
    {
        "latitudine": "46.7970161384182",
        "longitudine": "23.6597200210855"
    },
    {
        "latitudine": "46.7970655810703",
        "longitudine": "23.6597484335173"
    },
    {
        "latitudine": "46.797034052974",
        "longitudine": "23.6597230984314"
    },
    {
        "latitudine": "46.79694",
        "longitudine": "23.659275"
    },
    {
        "latitudine": "46.7916554739176",
        "longitudine": "23.6569883332012"
    },
    {
        "latitudine": "46.7929097923417",
        "longitudine": "23.6588072377114"
    },
    {
        "latitudine": "46.7845029965073",
        "longitudine": "23.6561131523241"
    },
    {
        "latitudine": "46.782426388906",
        "longitudine": "23.6629419189209"
    },
    {
        "latitudine": "46.7829878911878",
        "longitudine": "23.6620056806607"
    },
    {
        "latitudine": "46.7731807666711",
        "longitudine": "23.5973792493019"
    },
    {
        "latitudine": "46.7731611455958",
        "longitudine": "23.5973461524055"
    },
    {
        "latitudine": "46.7732114173285",
        "longitudine": "23.5970753267417"
    },
    {
        "latitudine": "46.7733984481939",
        "longitudine": "23.5977073370951"
    },
    {
        "latitudine": "46.7731696103838",
        "longitudine": "23.5947095893961"
    },
    {
        "latitudine": "46.7726841996231",
        "longitudine": "23.5962795293857"
    },
    {
        "latitudine": "46.7645868747231",
        "longitudine": "23.6052528902768"
    },
    {
        "latitudine": "46.763273",
        "longitudine": "23.60547"
    },
    {
        "latitudine": "46.7616601548664",
        "longitudine": "23.6015755443566"
    },
    {
        "latitudine": "46.7637200401797",
        "longitudine": "23.6029426548831"
    },
    {
        "latitudine": "46.7657372895207",
        "longitudine": "23.5996759613964"
    },
    {
        "latitudine": "46.7728730164501",
        "longitudine": "23.5961814600399"
    },
    {
        "latitudine": "46.7724289807782",
        "longitudine": "23.5954370657285"
    },
    {
        "latitudine": "46.7724303700665",
        "longitudine": "23.5953896217982"
    },
    {
        "latitudine": "46.7725353189782",
        "longitudine": "23.5952627546127"
    },
    {
        "latitudine": "46.7704836174196",
        "longitudine": "23.5965709489225"
    },
    {
        "latitudine": "46.7707683727045",
        "longitudine": "23.5966408920877"
    },
    {
        "latitudine": "46.7705452593328",
        "longitudine": "23.5964330819535"
    },
    {
        "latitudine": "46.7696293586159",
        "longitudine": "23.5972336136249"
    },
    {
        "latitudine": "46.769993090952",
        "longitudine": "23.596843753716"
    },
    {
        "latitudine": "46.7700219089312",
        "longitudine": "23.5968222572957"
    },
    {
        "latitudine": "46.7709987848373",
        "longitudine": "23.5976722672688"
    },
    {
        "latitudine": "46.7714129737838",
        "longitudine": "23.5970641189197"
    },
    {
        "latitudine": "46.7709638436623",
        "longitudine": "23.597391025827"
    },
    {
        "latitudine": "46.771181742044",
        "longitudine": "23.5972467972433"
    },
    {
        "latitudine": "46.7717147678341",
        "longitudine": "23.601241124316"
    },
    {
        "latitudine": "46.7716410417412",
        "longitudine": "23.6012069904486"
    },
    {
        "latitudine": "46.7716859555823",
        "longitudine": "23.6012641150243"
    },
    {
        "latitudine": "46.771585",
        "longitudine": "23.601151"
    },
    {
        "latitudine": "46.768092012013",
        "longitudine": "23.5978068923295"
    },
    {
        "latitudine": "46.7680744726023",
        "longitudine": "23.5978386060557"
    },
    {
        "latitudine": "46.7676490594419",
        "longitudine": "23.5982467785954"
    },
    {
        "latitudine": "46.7677365868993",
        "longitudine": "23.59810336793"
    },
    {
        "latitudine": "46.7687035943907",
        "longitudine": "23.5989289151015"
    },
    {
        "latitudine": "46.7674257416743",
        "longitudine": "23.5996751644447"
    },
    {
        "latitudine": "46.768447431355",
        "longitudine": "23.5990800069584"
    },
    {
        "latitudine": "46.7677213286915",
        "longitudine": "23.600894869191"
    },
    {
        "latitudine": "46.7679232492441",
        "longitudine": "23.6016931219518"
    },
    {
        "latitudine": "46.7674828550822",
        "longitudine": "23.6004746388297"
    },
    {
        "latitudine": "46.7674578832641",
        "longitudine": "23.600490563408"
    },
    {
        "latitudine": "46.7674366115881",
        "longitudine": "23.6005051027406"
    },
    {
        "latitudine": "46.7674211048866",
        "longitudine": "23.6005132085065"
    },
    {
        "latitudine": "46.7679190754333",
        "longitudine": "23.6016805836021"
    },
    {
        "latitudine": "46.7752792858953",
        "longitudine": "23.6333227326842"
    },
    {
        "latitudine": "46.7781928519738",
        "longitudine": "23.6149361822685"
    },
    {
        "latitudine": "46.7742430547159",
        "longitudine": "23.6275296749973"
    },
    {
        "latitudine": "46.7781484842928",
        "longitudine": "23.6144925846067"
    },
    {
        "latitudine": "46.7786840660003",
        "longitudine": "23.6296054074572"
    },
    {
        "latitudine": "46.7784154359733",
        "longitudine": "23.6144894695915"
    },
    {
        "latitudine": "46.7756376155019",
        "longitudine": "23.625504860023"
    },
    {
        "latitudine": "46.7784318674768",
        "longitudine": "23.6148634173495"
    },
    {
        "latitudine": "46.775639",
        "longitudine": "23.620962"
    },
    {
        "latitudine": "46.7781039610791",
        "longitudine": "23.6197953704802"
    },
    {
        "latitudine": "46.7773475718866",
        "longitudine": "23.6201813317476"
    },
    {
        "latitudine": "46.7774347252547",
        "longitudine": "23.6186582809682"
    },
    {
        "latitudine": "46.7771473736077",
        "longitudine": "23.6202606747018"
    },
    {
        "latitudine": "46.774767753328",
        "longitudine": "23.6165922974259"
    },
    {
        "latitudine": "46.7756450157355",
        "longitudine": "23.6179227419199"
    },
    {
        "latitudine": "46.7744362503163",
        "longitudine": "23.6128216320139"
    },
    {
        "latitudine": "46.7737850603757",
        "longitudine": "23.6118995181766"
    },
    {
        "latitudine": "46.7735420898802",
        "longitudine": "23.6127560698242"
    },
    {
        "latitudine": "46.7713460309913",
        "longitudine": "23.6110089219303"
    },
    {
        "latitudine": "46.7715367804703",
        "longitudine": "23.6094733139367"
    },
    {
        "latitudine": "46.7795092097413",
        "longitudine": "23.6222548721329"
    },
    {
        "latitudine": "46.7791075061061",
        "longitudine": "23.6187201927433"
    },
    {
        "latitudine": "46.776025027266",
        "longitudine": "23.6151114735457"
    },
    {
        "latitudine": "46.7760093597816",
        "longitudine": "23.6151308380268"
    },
    {
        "latitudine": "46.7779869741816",
        "longitudine": "23.6278310262128"
    },
    {
        "latitudine": "46.776203",
        "longitudine": "23.627522"
    },
    {
        "latitudine": "46.778212",
        "longitudine": "23.621758"
    },
    {
        "latitudine": "46.780399380928",
        "longitudine": "23.6257225837748"
    },
    {
        "latitudine": "46.7803734727436",
        "longitudine": "23.6257192686577"
    },
    {
        "latitudine": "46.7803228126014",
        "longitudine": "23.6256699073741"
    },
    {
        "latitudine": "46.7802958321625",
        "longitudine": "23.6256896095631"
    },
    {
        "latitudine": "46.780486683147",
        "longitudine": "23.6267505695444"
    },
    {
        "latitudine": "46.7805644084691",
        "longitudine": "23.626283628547"
    },
    {
        "latitudine": "46.7802255024028",
        "longitudine": "23.6267481413321"
    },
    {
        "latitudine": "46.7812086686955",
        "longitudine": "23.6313060784693"
    },
    {
        "latitudine": "46.7817809839506",
        "longitudine": "23.6357888217809"
    },
    {
        "latitudine": "46.7819361154613",
        "longitudine": "23.6369032128847"
    },
    {
        "latitudine": "46.778053801944",
        "longitudine": "23.6397805240866"
    },
    {
        "latitudine": "46.7787555783917",
        "longitudine": "23.6388686040693"
    },
    {
        "latitudine": "46.7785316710976",
        "longitudine": "23.636210528012"
    },
    {
        "latitudine": "46.7772196904137",
        "longitudine": "23.6339700663299"
    },
    {
        "latitudine": "46.767438442868",
        "longitudine": "23.5901519844217"
    },
    {
        "latitudine": "46.768014",
        "longitudine": "23.590049"
    },
    {
        "latitudine": "46.7672889743743",
        "longitudine": "23.5912476012211"
    },
    {
        "latitudine": "46.7672490254133",
        "longitudine": "23.5857630933758"
    },
    {
        "latitudine": "46.7694833374895",
        "longitudine": "23.5924245962625"
    },
    {
        "latitudine": "46.7694941899781",
        "longitudine": "23.5924423394095"
    },
    {
        "latitudine": "46.7672687856653",
        "longitudine": "23.5863214792006"
    },
    {
        "latitudine": "46.7692597456334",
        "longitudine": "23.5906222534603"
    },
    {
        "latitudine": "46.7691041164749",
        "longitudine": "23.5910950721326"
    },
    {
        "latitudine": "46.7693040248266",
        "longitudine": "23.5906479931036"
    },
    {
        "latitudine": "46.7673313640417",
        "longitudine": "23.5863430684914"
    },
    {
        "latitudine": "46.7686461595494",
        "longitudine": "23.5899005872503"
    },
    {
        "latitudine": "46.7685973555706",
        "longitudine": "23.5898031561389"
    },
    {
        "latitudine": "46.7686359733508",
        "longitudine": "23.5895492820462"
    },
    {
        "latitudine": "46.768614258091",
        "longitudine": "23.5895699995056"
    },
    {
        "latitudine": "46.7685949272347",
        "longitudine": "23.5898323907725"
    },
    {
        "latitudine": "46.768604",
        "longitudine": "23.589858"
    },
    {
        "latitudine": "46.767555051261",
        "longitudine": "23.5872120198285"
    },
    {
        "latitudine": "46.7601282938312",
        "longitudine": "23.5806509361553"
    },
    {
        "latitudine": "46.7608460783801",
        "longitudine": "23.5806146686336"
    },
    {
        "latitudine": "46.7600470454986",
        "longitudine": "23.5846632537422"
    },
    {
        "latitudine": "46.7586499827416",
        "longitudine": "23.5839534193232"
    },
    {
        "latitudine": "46.7634500572995",
        "longitudine": "23.5833595851338"
    },
    {
        "latitudine": "46.76643288113",
        "longitudine": "23.5872572028431"
    },
    {
        "latitudine": "46.7640221139712",
        "longitudine": "23.5880558418136"
    },
    {
        "latitudine": "46.7648781861576",
        "longitudine": "23.5851028708833"
    },
    {
        "latitudine": "46.7632480614582",
        "longitudine": "23.584177644618"
    },
    {
        "latitudine": "46.7633227486293",
        "longitudine": "23.5846683129628"
    },
    {
        "latitudine": "46.7628530728011",
        "longitudine": "23.5843365413542"
    },
    {
        "latitudine": "46.7663362695924",
        "longitudine": "23.5908744492328"
    },
    {
        "latitudine": "46.7663968524893",
        "longitudine": "23.5911816660355"
    },
    {
        "latitudine": "46.7667194268029",
        "longitudine": "23.5902921349588"
    },
    {
        "latitudine": "46.7681551773236",
        "longitudine": "23.5972086902211"
    },
    {
        "latitudine": "46.7677322130213",
        "longitudine": "23.5937186882115"
    },
    {
        "latitudine": "46.7679501973809",
        "longitudine": "23.5950216184351"
    },
    {
        "latitudine": "46.7673760229092",
        "longitudine": "23.5888046718098"
    },
    {
        "latitudine": "46.7674077803925",
        "longitudine": "23.5886497820459"
    },
    {
        "latitudine": "46.7667190932355",
        "longitudine": "23.5888128104318"
    },
    {
        "latitudine": "46.7667399032259",
        "longitudine": "23.5888918200571"
    },
    {
        "latitudine": "46.7680245233523",
        "longitudine": "23.5883571608603"
    },
    {
        "latitudine": "46.7557195864316",
        "longitudine": "23.594419792742"
    },
    {
        "latitudine": "46.7558600577827",
        "longitudine": "23.5939354566523"
    },
    {
        "latitudine": "46.75823",
        "longitudine": "23.595799"
    },
    {
        "latitudine": "46.7545133588068",
        "longitudine": "23.5903614987012"
    },
    {
        "latitudine": "46.755279306111",
        "longitudine": "23.5884103103817"
    },
    {
        "latitudine": "46.7516356489292",
        "longitudine": "23.5838017284003"
    },
    {
        "latitudine": "46.7517906774711",
        "longitudine": "23.5829344536688"
    },
    {
        "latitudine": "46.754154022594",
        "longitudine": "23.5835016897225"
    },
    {
        "latitudine": "46.753225",
        "longitudine": "23.579492"
    },
    {
        "latitudine": "46.7538763624249",
        "longitudine": "23.5819088664754"
    },
    {
        "latitudine": "46.7525252803236",
        "longitudine": "23.5767335963758"
    },
    {
        "latitudine": "46.7526877864877",
        "longitudine": "23.5773304916334"
    },
    {
        "latitudine": "46.7526964274615",
        "longitudine": "23.577283452718"
    },
    {
        "latitudine": "46.753793",
        "longitudine": "23.573764"
    },
    {
        "latitudine": "46.754806",
        "longitudine": "23.575313"
    },
    {
        "latitudine": "46.756183",
        "longitudine": "23.573973"
    },
    {
        "latitudine": "46.757374",
        "longitudine": "23.574968"
    },
    {
        "latitudine": "46.7577441723405",
        "longitudine": "23.5737220406474"
    },
    {
        "latitudine": "46.753461",
        "longitudine": "23.585026"
    },
    {
        "latitudine": "46.7575885306431",
        "longitudine": "23.5781117004736"
    },
    {
        "latitudine": "46.7573137469443",
        "longitudine": "23.5762018926378"
    },
    {
        "latitudine": "46.7589466009697",
        "longitudine": "23.5775944947899"
    },
    {
        "latitudine": "46.754119052796",
        "longitudine": "23.5759668965993"
    },
    {
        "latitudine": "46.754401",
        "longitudine": "23.577588"
    },
    {
        "latitudine": "46.7590214806858",
        "longitudine": "23.5809796103486"
    },
    {
        "latitudine": "46.7581899595455",
        "longitudine": "23.5812056707005"
    },
    {
        "latitudine": "46.7557947875268",
        "longitudine": "23.5771892939595"
    },
    {
        "latitudine": "46.755750266663",
        "longitudine": "23.5811019054683"
    },
    {
        "latitudine": "46.7568325453227",
        "longitudine": "23.5823314158617"
    },
    {
        "latitudine": "46.7552630278265",
        "longitudine": "23.5782130212259"
    },
    {
        "latitudine": "46.755474449481",
        "longitudine": "23.5786976867563"
    },
    {
        "latitudine": "46.754416",
        "longitudine": "23.578825"
    },
    {
        "latitudine": "46.7574895701699",
        "longitudine": "23.5885903385256"
    },
    {
        "latitudine": "46.7577412713055",
        "longitudine": "23.5895576222273"
    },
    {
        "latitudine": "46.7567226582433",
        "longitudine": "23.5898272299663"
    },
    {
        "latitudine": "46.7590613398782",
        "longitudine": "23.5928711363514"
    },
    {
        "latitudine": "46.7650073128244",
        "longitudine": "23.569932448638"
    },
    {
        "latitudine": "46.7650140370782",
        "longitudine": "23.5763318276244"
    },
    {
        "latitudine": "46.7664015220549",
        "longitudine": "23.569882914788"
    },
    {
        "latitudine": "46.7651847336944",
        "longitudine": "23.5765156988543"
    },
    {
        "latitudine": "46.7670135437187",
        "longitudine": "23.5667228368428"
    },
    {
        "latitudine": "46.7668306233542",
        "longitudine": "23.5658375476952"
    },
    {
        "latitudine": "46.7665649751467",
        "longitudine": "23.5637596415782"
    },
    {
        "latitudine": "46.7670746462589",
        "longitudine": "23.5607211141755"
    },
    {
        "latitudine": "46.7675546223449",
        "longitudine": "23.5691433491831"
    },
    {
        "latitudine": "46.76745",
        "longitudine": "23.56884"
    },
    {
        "latitudine": "46.7672907870233",
        "longitudine": "23.5688308245162"
    },
    {
        "latitudine": "46.7669777961994",
        "longitudine": "23.5717072736167"
    },
    {
        "latitudine": "46.7576363788718",
        "longitudine": "23.5582568974599"
    },
    {
        "latitudine": "46.7647580358685",
        "longitudine": "23.5746760022111"
    },
    {
        "latitudine": "46.757584",
        "longitudine": "23.560565"
    },
    {
        "latitudine": "46.7571642517221",
        "longitudine": "23.5606013536769"
    },
    {
        "latitudine": "46.7576030478255",
        "longitudine": "23.5631126817768"
    },
    {
        "latitudine": "46.7586514538698",
        "longitudine": "23.5624935321193"
    },
    {
        "latitudine": "46.7571140097638",
        "longitudine": "23.5679178242167"
    },
    {
        "latitudine": "46.7571905312141",
        "longitudine": "23.5673094393334"
    },
    {
        "latitudine": "46.7644013391177",
        "longitudine": "23.5759921377066"
    },
    {
        "latitudine": "46.7606239554606",
        "longitudine": "23.5597137821879"
    },
    {
        "latitudine": "46.763873",
        "longitudine": "23.576946"
    },
    {
        "latitudine": "46.7633455164484",
        "longitudine": "23.5660974635815"
    },
    {
        "latitudine": "46.7638565598199",
        "longitudine": "23.576963449542"
    },
    {
        "latitudine": "46.7628581077263",
        "longitudine": "23.5779485754321"
    },
    {
        "latitudine": "46.7628503442016",
        "longitudine": "23.5779455329754"
    },
    {
        "latitudine": "46.7615080482385",
        "longitudine": "23.5738165175557"
    },
    {
        "latitudine": "46.762394100559",
        "longitudine": "23.5755567659637"
    },
    {
        "latitudine": "46.7628490752842",
        "longitudine": "23.5718393816413"
    },
    {
        "latitudine": "46.762718248141",
        "longitudine": "23.5718267308097"
    },
    {
        "latitudine": "46.7627450576177",
        "longitudine": "23.5718132447985"
    },
    {
        "latitudine": "46.7628211334616",
        "longitudine": "23.5718861358343"
    },
    {
        "latitudine": "46.7628348439078",
        "longitudine": "23.5718670138869"
    },
    {
        "latitudine": "46.7603138387284",
        "longitudine": "23.56595717003"
    },
    {
        "latitudine": "46.7607946255765",
        "longitudine": "23.5654908909712"
    },
    {
        "latitudine": "46.7605806605807",
        "longitudine": "23.5626928080177"
    },
    {
        "latitudine": "46.760381207755",
        "longitudine": "23.5623814974181"
    },
    {
        "latitudine": "46.7603569454878",
        "longitudine": "23.5629241108999"
    },
    {
        "latitudine": "46.7632710817272",
        "longitudine": "23.5694258771566"
    },
    {
        "latitudine": "46.7639406093747",
        "longitudine": "23.5736612400776"
    },
    {
        "latitudine": "46.7687981333234",
        "longitudine": "23.5850693218482"
    },
    {
        "latitudine": "46.7687132500726",
        "longitudine": "23.5851532003688"
    },
    {
        "latitudine": "46.7688633528606",
        "longitudine": "23.5854206962867"
    },
    {
        "latitudine": "46.7684081311651",
        "longitudine": "23.5754853528938"
    },
    {
        "latitudine": "46.7684355489185",
        "longitudine": "23.5749130023483"
    },
    {
        "latitudine": "46.7676339669662",
        "longitudine": "23.5752967367328"
    },
    {
        "latitudine": "46.7685860564886",
        "longitudine": "23.5748336046431"
    },
    {
        "latitudine": "46.7674011985662",
        "longitudine": "23.5756817120824"
    },
    {
        "latitudine": "46.7683109897361",
        "longitudine": "23.5749790576673"
    },
    {
        "latitudine": "46.7688164447553",
        "longitudine": "23.5851002848209"
    },
    {
        "latitudine": "46.7699782304",
        "longitudine": "23.5745856707078"
    },
    {
        "latitudine": "46.7689902159387",
        "longitudine": "23.5712492167791"
    },
    {
        "latitudine": "46.7657082851642",
        "longitudine": "23.5820359431934"
    },
    {
        "latitudine": "46.766925",
        "longitudine": "23.581097"
    },
    {
        "latitudine": "46.7695159813262",
        "longitudine": "23.5866357881998"
    },
    {
        "latitudine": "46.7695292985484",
        "longitudine": "23.5866709419406"
    },
    {
        "latitudine": "46.7694937719873",
        "longitudine": "23.5865900596809"
    },
    {
        "latitudine": "46.7702102010908",
        "longitudine": "23.5859618265231"
    },
    {
        "latitudine": "46.7720965568672",
        "longitudine": "23.5838531847433"
    },
    {
        "latitudine": "46.7716801058347",
        "longitudine": "23.5845943602119"
    },
    {
        "latitudine": "46.7717051654142",
        "longitudine": "23.5842815354029"
    },
    {
        "latitudine": "46.77183599673",
        "longitudine": "23.5845283841234"
    },
    {
        "latitudine": "46.7718261274986",
        "longitudine": "23.5845488467291"
    },
    {
        "latitudine": "46.7697119271209",
        "longitudine": "23.5831484874743"
    },
    {
        "latitudine": "46.7685913971707",
        "longitudine": "23.5798066582673"
    },
    {
        "latitudine": "46.7686923305628",
        "longitudine": "23.5799571725629"
    },
    {
        "latitudine": "46.77508402658",
        "longitudine": "23.59370440315"
    },
    {
        "latitudine": "46.7754189441858",
        "longitudine": "23.5945220735412"
    },
    {
        "latitudine": "46.7749364541048",
        "longitudine": "23.5949652947711"
    },
    {
        "latitudine": "46.776464140555",
        "longitudine": "23.5936673129365"
    },
    {
        "latitudine": "46.7708648822505",
        "longitudine": "23.5787512788459"
    },
    {
        "latitudine": "46.7709090821111",
        "longitudine": "23.5787602494383"
    },
    {
        "latitudine": "46.7708816858373",
        "longitudine": "23.578738459274"
    },
    {
        "latitudine": "46.7709283302985",
        "longitudine": "23.5786905061159"
    },
    {
        "latitudine": "46.7718282413605",
        "longitudine": "23.5776608483705"
    },
    {
        "latitudine": "46.7717513952047",
        "longitudine": "23.5773815699433"
    },
    {
        "latitudine": "46.7729560268137",
        "longitudine": "23.5833431478038"
    },
    {
        "latitudine": "46.772910498427",
        "longitudine": "23.5833453568656"
    },
    {
        "latitudine": "46.7729802453674",
        "longitudine": "23.5833103370243"
    },
    {
        "latitudine": "46.7737831489876",
        "longitudine": "23.5857401311149"
    },
    {
        "latitudine": "46.7739799622752",
        "longitudine": "23.5859668133394"
    },
    {
        "latitudine": "46.7745545058563",
        "longitudine": "23.5861627848596"
    },
    {
        "latitudine": "46.774615714605",
        "longitudine": "23.5871921936949"
    },
    {
        "latitudine": "46.7747890337658",
        "longitudine": "23.5874587718973"
    },
    {
        "latitudine": "46.7747764467835",
        "longitudine": "23.5871656651154"
    },
    {
        "latitudine": "46.7747916611907",
        "longitudine": "23.587174774154"
    },
    {
        "latitudine": "46.7737200472502",
        "longitudine": "23.5879126678136"
    },
    {
        "latitudine": "46.7739298722122",
        "longitudine": "23.5881656989307"
    },
    {
        "latitudine": "46.7736280403932",
        "longitudine": "23.5882877800154"
    },
    {
        "latitudine": "46.7736124263274",
        "longitudine": "23.5882648892447"
    },
    {
        "latitudine": "46.7756217133756",
        "longitudine": "23.5908297254705"
    },
    {
        "latitudine": "46.775543",
        "longitudine": "23.590321"
    },
    {
        "latitudine": "46.775858",
        "longitudine": "23.590642"
    },
    {
        "latitudine": "46.7752094111574",
        "longitudine": "23.5900061382869"
    },
    {
        "latitudine": "46.7741065107019",
        "longitudine": "23.5921216851221"
    },
    {
        "latitudine": "46.774280666391",
        "longitudine": "23.5921473518038"
    },
    {
        "latitudine": "46.7740992048713",
        "longitudine": "23.5920701339495"
    },
    {
        "latitudine": "46.7740897140261",
        "longitudine": "23.5921199344627"
    },
    {
        "latitudine": "46.7743222994418",
        "longitudine": "23.5921452244408"
    },
    {
        "latitudine": "46.7743166988721",
        "longitudine": "23.5921171595556"
    },
    {
        "latitudine": "46.7746975089751",
        "longitudine": "23.5920333281016"
    },
    {
        "latitudine": "46.7734648776316",
        "longitudine": "23.5924085852649"
    },
    {
        "latitudine": "46.7741054116868",
        "longitudine": "23.5905081011561"
    },
    {
        "latitudine": "46.773737",
        "longitudine": "23.590627"
    },
    {
        "latitudine": "46.7737398538323",
        "longitudine": "23.5904824073064"
    },
    {
        "latitudine": "46.7768060309444",
        "longitudine": "23.608224523097"
    },
    {
        "latitudine": "46.7764065614303",
        "longitudine": "23.6066291149853"
    },
    {
        "latitudine": "46.7767950295379",
        "longitudine": "23.6072230836093"
    },
    {
        "latitudine": "46.7763899165562",
        "longitudine": "23.5902087706612"
    },
    {
        "latitudine": "46.7777155750724",
        "longitudine": "23.6120938574395"
    },
    {
        "latitudine": "46.7779273906426",
        "longitudine": "23.6120550758441"
    },
    {
        "latitudine": "46.7778730673453",
        "longitudine": "23.611756350542"
    },
    {
        "latitudine": "46.7777661208198",
        "longitudine": "23.6110908462107"
    },
    {
        "latitudine": "46.7778808217699",
        "longitudine": "23.6116990656623"
    },
    {
        "latitudine": "46.7774950223931",
        "longitudine": "23.6111968040258"
    },
    {
        "latitudine": "46.7776207244925",
        "longitudine": "23.6117899518429"
    },
    {
        "latitudine": "46.7766432059379",
        "longitudine": "23.6145491075077"
    },
    {
        "latitudine": "46.7759598118058",
        "longitudine": "23.6115801829611"
    },
    {
        "latitudine": "46.7753250296133",
        "longitudine": "23.6106182897615"
    },
    {
        "latitudine": "46.7718463919328",
        "longitudine": "23.6080934615376"
    },
    {
        "latitudine": "46.7718098203676",
        "longitudine": "23.6074604412451"
    },
    {
        "latitudine": "46.7729074404461",
        "longitudine": "23.6058604738259"
    },
    {
        "latitudine": "46.7795871080211",
        "longitudine": "23.5960537703213"
    },
    {
        "latitudine": "46.7795855078546",
        "longitudine": "23.5896317586371"
    },
    {
        "latitudine": "46.7806693186177",
        "longitudine": "23.5899836249703"
    },
    {
        "latitudine": "46.7817959575495",
        "longitudine": "23.5958431867831"
    },
    {
        "latitudine": "46.7761899590712",
        "longitudine": "23.5980471887489"
    },
    {
        "latitudine": "46.7722281111762",
        "longitudine": "23.6035405353741"
    },
    {
        "latitudine": "46.7795216317136",
        "longitudine": "23.5915671001678"
    },
    {
        "latitudine": "46.7836491530194",
        "longitudine": "23.5934689948682"
    },
    {
        "latitudine": "46.7797056634772",
        "longitudine": "23.5917438252708"
    },
    {
        "latitudine": "46.7828281862373",
        "longitudine": "23.5907059295123"
    },
    {
        "latitudine": "46.7786074710979",
        "longitudine": "23.6022549213393"
    },
    {
        "latitudine": "46.7799578698628",
        "longitudine": "23.5948406847925"
    },
    {
        "latitudine": "46.7799889782697",
        "longitudine": "23.5951992276879"
    },
    {
        "latitudine": "46.7824103128008",
        "longitudine": "23.5997243249278"
    },
    {
        "latitudine": "46.784163273817",
        "longitudine": "23.5971387988428"
    },
    {
        "latitudine": "46.7850377287066",
        "longitudine": "23.5971450032441"
    },
    {
        "latitudine": "46.7802122628253",
        "longitudine": "23.599254368099"
    },
    {
        "latitudine": "46.7803136068185",
        "longitudine": "23.5989687237895"
    },
    {
        "latitudine": "46.7803575914764",
        "longitudine": "23.5995541072526"
    },
    {
        "latitudine": "46.780469445571",
        "longitudine": "23.6010023857316"
    },
    {
        "latitudine": "46.7782305608474",
        "longitudine": "23.5983686293915"
    },
    {
        "latitudine": "46.7739026109666",
        "longitudine": "23.5994081621639"
    },
    {
        "latitudine": "46.7741205506482",
        "longitudine": "23.5995171044503"
    },
    {
        "latitudine": "46.7745772092121",
        "longitudine": "23.6039608564827"
    },
    {
        "latitudine": "46.7746376726811",
        "longitudine": "23.6039227255416"
    },
    {
        "latitudine": "46.7754368364877",
        "longitudine": "23.6036785724219"
    },
    {
        "latitudine": "46.7680398755556",
        "longitudine": "23.63747822577"
    },
    {
        "latitudine": "46.7699698587957",
        "longitudine": "23.6030423489983"
    },
    {
        "latitudine": "46.765666",
        "longitudine": "23.630125"
    },
    {
        "latitudine": "46.7663395322266",
        "longitudine": "23.6245047370235"
    },
    {
        "latitudine": "46.767908",
        "longitudine": "23.624834"
    },
    {
        "latitudine": "46.7702089469782",
        "longitudine": "23.6231822264714"
    },
    {
        "latitudine": "46.766634",
        "longitudine": "23.616514"
    },
    {
        "latitudine": "46.7645176129526",
        "longitudine": "23.620388762233"
    },
    {
        "latitudine": "46.7640886784936",
        "longitudine": "23.6122793563234"
    },
    {
        "latitudine": "46.764294233512",
        "longitudine": "23.6139183050897"
    },
    {
        "latitudine": "46.7628907997041",
        "longitudine": "23.6146930192992"
    },
    {
        "latitudine": "46.7628731038347",
        "longitudine": "23.6146545362711"
    },
    {
        "latitudine": "46.765066",
        "longitudine": "23.624071"
    },
    {
        "latitudine": "46.7678770581546",
        "longitudine": "23.604715659435"
    },
    {
        "latitudine": "46.769217714807",
        "longitudine": "23.6099076616888"
    },
    {
        "latitudine": "46.7693385050783",
        "longitudine": "23.613216445517"
    },
    {
        "latitudine": "46.7678178255499",
        "longitudine": "23.6130538188814"
    },
    {
        "latitudine": "46.7687952720187",
        "longitudine": "23.6188590318487"
    },
    {
        "latitudine": "46.7690850740998",
        "longitudine": "23.6187281262579"
    },
    {
        "latitudine": "46.7689510935934",
        "longitudine": "23.6178872999455"
    },
    {
        "latitudine": "46.7695002536085",
        "longitudine": "23.6190059352827"
    },
    {
        "latitudine": "46.770815",
        "longitudine": "23.620296"
    },
    {
        "latitudine": "46.770824385852",
        "longitudine": "23.6202775012058"
    },
    {
        "latitudine": "46.7722014811395",
        "longitudine": "23.624200332671"
    },
    {
        "latitudine": "46.772144615766",
        "longitudine": "23.624131969012"
    },
    {
        "latitudine": "46.7721205535563",
        "longitudine": "23.6241849801834"
    },
    {
        "latitudine": "46.7707943763895",
        "longitudine": "23.6268496703123"
    },
    {
        "latitudine": "46.7686849707427",
        "longitudine": "23.6304678138162"
    },
    {
        "latitudine": "46.7687199547154",
        "longitudine": "23.6309343127276"
    },
    {
        "latitudine": "46.7682097761716",
        "longitudine": "23.629810409739"
    },
    {
        "latitudine": "46.7681476463635",
        "longitudine": "23.6296150709892"
    },
    {
        "latitudine": "46.76866639575",
        "longitudine": "23.6300667867296"
    },
    {
        "latitudine": "46.7681669961519",
        "longitudine": "23.6295937376001"
    },
    {
        "latitudine": "46.7680325385311",
        "longitudine": "23.6309241417608"
    }
]