[
    {
        "latitudine": 44.33727777777778,
        "longitudine": 23.765555555555554
    },
    {
        "latitudine": 44.33802777777778,
        "longitudine": 23.76525
    },
    {
        "latitudine": 44.336444444444446,
        "longitudine": 23.792083333333334
    },
    {
        "latitudine": 44.33538888888889,
        "longitudine": 23.793972222222223
    },
    {
        "latitudine": 44.33105555555556,
        "longitudine": 23.80752777777778
    },
    {
        "latitudine": 44.32908333333334,
        "longitudine": 23.812805555555556
    },
    {
        "latitudine": 44.32897222222223,
        "longitudine": 23.81266666666667
    },
    {
        "latitudine": 44.324000000000005,
        "longitudine": 23.826472222222222
    },
    {
        "latitudine": 44.32033333333334,
        "longitudine": 23.831944444444446
    },
    {
        "latitudine": 44.29902777777777,
        "longitudine": 23.831527777777776
    },
    {
        "latitudine": 44.33377777777778,
        "longitudine": 23.770805555555555
    },
    {
        "latitudine": 44.3305,
        "longitudine": 23.77411111111111
    },
    {
        "latitudine": 44.32741666666667,
        "longitudine": 23.779249999999998
    },
    {
        "latitudine": 44.32647222222223,
        "longitudine": 23.785444444444447
    },
    {
        "latitudine": 44.32438888888889,
        "longitudine": 23.79038888888889
    },
    {
        "latitudine": 44.32336111111111,
        "longitudine": 23.792083333333334
    },
    {
        "latitudine": 44.32152777777778,
        "longitudine": 23.795222222222225
    },
    {
        "latitudine": 44.31977777777778,
        "longitudine": 23.802222222222223
    },
    {
        "latitudine": 44.319500000000005,
        "longitudine": 23.801444444444446
    },
    {
        "latitudine": 44.31933333333334,
        "longitudine": 23.804694444444443
    },
    {
        "latitudine": 44.31838888888889,
        "longitudine": 23.807972222222222
    },
    {
        "latitudine": 44.31741666666667,
        "longitudine": 23.813333333333333
    },
    {
        "latitudine": 44.31727777777778,
        "longitudine": 23.81527777777778
    },
    {
        "latitudine": 44.31619444444444,
        "longitudine": 23.820777777777778
    },
    {
        "latitudine": 44.31533333333333,
        "longitudine": 23.824166666666667
    },
    {
        "latitudine": 44.315,
        "longitudine": 23.826166666666666
    }
]