[
    {
        "latitudine": "43.90255555555555",
        "longitudine": "25.958444444444442"
    },
    {
        "latitudine": "43.899972222222225",
        "longitudine": "25.967499999999998"
    },
    {
        "latitudine": "43.90897222222222",
        "longitudine": "25.97836111111111"
    },
    {
        "latitudine": "43.89041666666667",
        "longitudine": "25.950527777777776"
    },
    {
        "latitudine": "43.90719444444444",
        "longitudine": "25.973138888888887"
    },
    {
        "latitudine": "43.90255555555555",
        "longitudine": "25.980527777777777"
    },
    {
        "latitudine": "43.90333333333333",
        "longitudine": "25.965777777777777"
    },
    {
        "latitudine": "43.886694444444444",
        "longitudine": "25.945055555555555"
    },
    {
        "latitudine": "43.89530555555555",
        "longitudine": "25.95813888888889"
    },
    {
        "latitudine": "43.888888888888886",
        "longitudine": "25.964277777777777"
    },
    {
        "latitudine": "43.909388888888884",
        "longitudine": "25.971083333333333"
    },
    {
        "latitudine": "43.88575",
        "longitudine": "25.962916666666665"
    },
    {
        "latitudine": "43.906444444444446",
        "longitudine": "25.975194444444444"
    },
    {
        "latitudine": "43.90533333333333",
        "longitudine": "25.98011111111111"
    },
    {
        "latitudine": "43.89263888888889",
        "longitudine": "25.953972222222223"
    },
    {
        "latitudine": "43.894333333333336",
        "longitudine": "25.967333333333332"
    },
    {
        "latitudine": "43.91169444444444",
        "longitudine": "25.97225"
    },
    {
        "latitudine": "43.883",
        "longitudine": "25.941305555555555"
    },
    {
        "latitudine": "43.90852777777778",
        "longitudine": "25.979249999999997"
    },
    {
        "latitudine": "43.9105",
        "longitudine": "25.97319444444444"
    },
    {
        "latitudine": "43.90775",
        "longitudine": "25.981388888888887"
    },
    {
        "latitudine": "43.90775",
        "longitudine": "25.981388888888887"
    },
    {
        "latitudine": "43.89497222222222",
        "longitudine": "25.96263888888889"
    },
    {
        "latitudine": "43.91036111111111",
        "longitudine": "25.976055555555554"
    },
    {
        "latitudine": "43.91188888888889",
        "longitudine": "25.970055555555554"
    }
]