[
    {
        "latitudine": "46.92448",
        "longitudine": "26.37449"
    },
    {
        "latitudine": "46.92418",
        "longitudine": "26.37451"
    },
    {
        "latitudine": "46.92426",
        "longitudine": "26.37493"
    },
    {
        "latitudine": "46.92368",
        "longitudine": "26.37491"
    },
    {
        "latitudine": "46.9234",
        "longitudine": "26.37439"
    },
    {
        "latitudine": "46.92536",
        "longitudine": "26.37428"
    },
    {
        "latitudine": "46.92245",
        "longitudine": "26.37327"
    },
    {
        "latitudine": "46.92282",
        "longitudine": "26.37359"
    },
    {
        "latitudine": "46.92282",
        "longitudine": "26.37455"
    },
    {
        "latitudine": "46.92336",
        "longitudine": "26.37261"
    },
    {
        "latitudine": "46.92286",
        "longitudine": "26.37256"
    },
    {
        "latitudine": "46.92085",
        "longitudine": "26.3765"
    },
    {
        "latitudine": "46.92018",
        "longitudine": "26.37927"
    },
    {
        "latitudine": "46.92170",
        "longitudine": "26.38035"
    },
    {
        "latitudine": "46.92021",
        "longitudine": "26.37776"
    },
    {
        "latitudine": "46.9237",
        "longitudine": "26.37759"
    },
    {
        "latitudine": "46.9232",
        "longitudine": "26.37875"
    },
    {
        "latitudine": "46.92265",
        "longitudine": "26.37948"
    },
    {
        "latitudine": "46.92253",
        "longitudine": "26.38043"
    },
    {
        "latitudine": "46.92357",
        "longitudine": "26.37693"
    },
    {
        "latitudine": "46.92237",
        "longitudine": "26.37891"
    },
    {
        "latitudine": "46.923",
        "longitudine": "26.37651"
    },
    {
        "latitudine": "46.92259",
        "longitudine": "26.37773"
    },
    {
        "latitudine": "46.92211",
        "longitudine": "26.37983"
    },
    {
        "latitudine": "46.92425",
        "longitudine": "26.3761"
    },
    {
        "latitudine": "46.92307",
        "longitudine": "26.37521"
    },
    {
        "latitudine": "46.92251",
        "longitudine": "26.37581"
    },
    {
        "latitudine": "46.9221",
        "longitudine": "26.37658"
    },
    {
        "latitudine": "46.92111",
        "longitudine": "26.37902"
    },
    {
        "latitudine": "46.92174",
        "longitudine": "26.37588"
    },
    {
        "latitudine": "46.92172",
        "longitudine": "26.37511"
    },
    {
        "latitudine": "46.92128",
        "longitudine": "26.37559"
    },
    {
        "latitudine": "46.9213",
        "longitudine": "26.37649"
    },
    {
        "latitudine": "46.92062",
        "longitudine": "26.37755"
    },
    {
        "latitudine": "46.9209",
        "longitudine": "26.37782"
    },
    {
        "latitudine": "46.92089",
        "longitudine": "26.37886"
    },
    {
        "latitudine": "46.91982",
        "longitudine": "26.37891"
    },
    {
        "latitudine": "46.92438",
        "longitudine": "26.37644"
    },
    {
        "latitudine": "46.92404",
        "longitudine": "26.37722"
    },
    {
        "latitudine": "46.92413",
        "longitudine": "26.37704"
    },
    {
        "latitudine": "46.92394",
        "longitudine": "26.37786"
    },
    {
        "latitudine": "46.9237",
        "longitudine": "26.378"
    },
    {
        "latitudine": "46.9229",
        "longitudine": "26.3801"
    },
    {
        "latitudine": "46.92335",
        "longitudine": "26.37895"
    },
    {
        "latitudine": "46.92264",
        "longitudine": "26.38086"
    },
    {
        "latitudine": "46.91942",
        "longitudine": "26.38067"
    },
    {
        "latitudine": "46.91990",
        "longitudine": "26.37979"
    },
    {
        "latitudine": "46.92002",
        "longitudine": "26.38092"
    },
    {
        "latitudine": "46.91891",
        "longitudine": "26.38154"
    },
    {
        "latitudine": "46.91906",
        "longitudine": "26.38088"
    },
    {
        "latitudine": "46.91845",
        "longitudine": "26.38241"
    },
    {
        "latitudine": "46.92172",
        "longitudine": "26.38336"
    },
    {
        "latitudine": "46.92119",
        "longitudine": "26.38474"
    },
    {
        "latitudine": "46.92012",
        "longitudine": "26.38524"
    },
    {
        "latitudine": "46.92108",
        "longitudine": "26.38212"
    },
    {
        "latitudine": "46.92078",
        "longitudine": "26.38317"
    },
    {
        "latitudine": "46.92107",
        "longitudine": "26.38141"
    },
    {
        "latitudine": "46.92039",
        "longitudine": "26.38208"
    },
    {
        "latitudine": "46.92020",
        "longitudine": "26.38263"
    },
    {
        "latitudine": "46.91993",
        "longitudine": "26.38229"
    },
    {
        "latitudine": "46.91920",
        "longitudine": "26.38286"
    },
    {
        "latitudine": "46.92019",
        "longitudine": "26.38359"
    },
    {
        "latitudine": "46.91816",
        "longitudine": "26.38386"
    },
    {
        "latitudine": "46.91956",
        "longitudine": "26.38252"
    },
    {
        "latitudine": "46.91528",
        "longitudine": "26.38864"
    },
    {
        "latitudine": "46.91725",
        "longitudine": "26.38473"
    },
    {
        "latitudine": "46.91909",
        "longitudine": "26.38428"
    },
    {
        "latitudine": "46.91984",
        "longitudine": "26.38552"
    },
    {
        "latitudine": "46.91890",
        "longitudine": "26.38517"
    },
    {
        "latitudine": "46.91876",
        "longitudine": "26.38653"
    },
    {
        "latitudine": "46.91863",
        "longitudine": "26.38548"
    },
    {
        "latitudine": "46.91775",
        "longitudine": "26.38575"
    },
    {
        "latitudine": "46.91686",
        "longitudine": "26.38672"
    },
    {
        "latitudine": "46.91760",
        "longitudine": "26.38484"
    },
    {
        "latitudine": "46.9227",
        "longitudine": "26.39098"
    },
    {
        "latitudine": "46.91584",
        "longitudine": "26.39467"
    },
    {
        "latitudine": "46.91658",
        "longitudine": "26.39325"
    },
    {
        "latitudine": "46.91739",
        "longitudine": "26.3919"
    },
    {
        "latitudine": "46.91726",
        "longitudine": "26.39204"
    },
    {
        "latitudine": "46.91634",
        "longitudine": "26.39355"
    },
    {
        "latitudine": "46.91611",
        "longitudine": "26.39434"
    },
    {
        "latitudine": "46.91714",
        "longitudine": "26.39335"
    },
    {
        "latitudine": "46.91757",
        "longitudine": "26.39336"
    },
    {
        "latitudine": "46.91818",
        "longitudine": "26.3923"
    },
    {
        "latitudine": "46.92184",
        "longitudine": "26.37762"
    },
    {
        "latitudine": "46.92656",
        "longitudine": "26.37234"
    },
    {
        "latitudine": "46.92679",
        "longitudine": "26.37211"
    },
    {
        "latitudine": "46.92841",
        "longitudine": "26.36977"
    },
    {
        "latitudine": "46.92809",
        "longitudine": "26.37025"
    },
    {
        "latitudine": "46.93204",
        "longitudine": "26.36788"
    },
    {
        "latitudine": "46.93206",
        "longitudine": "26.36737"
    },
    {
        "latitudine": "46.93148",
        "longitudine": "26.37098"
    },
    {
        "latitudine": "46.93154",
        "longitudine": "26.37055"
    },
    {
        "latitudine": "46.92989",
        "longitudine": "26.36451"
    },
    {
        "latitudine": "46.9301",
        "longitudine": "26.3645"
    },
    {
        "latitudine": "46.93152",
        "longitudine": "26.37301"
    },
    {
        "latitudine": "46.93122",
        "longitudine": "26.3735"
    },
    {
        "latitudine": "46.93322",
        "longitudine": "26.36949"
    },
    {
        "latitudine": "46.93354",
        "longitudine": "26.36908"
    },
    {
        "latitudine": "46.93327",
        "longitudine": "26.36828"
    },
    {
        "latitudine": "46.93316",
        "longitudine": "26.36823"
    },
    {
        "latitudine": "46.93655",
        "longitudine": "26.38283"
    },
    {
        "latitudine": "46.93673",
        "longitudine": "26.38327"
    },
    {
        "latitudine": "46.93896",
        "longitudine": "26.33742"
    },
    {
        "latitudine": "46.93863",
        "longitudine": "26.33787"
    },
    {
        "latitudine": "46.92006",
        "longitudine": "26.38722"
    },
    {
        "latitudine": "46.92045",
        "longitudine": "26.38715"
    },
    {
        "latitudine": "46.92272",
        "longitudine": "26.3699"
    },
    {
        "latitudine": "46.92291",
        "longitudine": "26.36943"
    },
    {
        "latitudine": "46.95271",
        "longitudine": "26.38912"
    },
    {
        "latitudine": "46.95029",
        "longitudine": "26.38219"
    },
    {
        "latitudine": "46.94501",
        "longitudine": "26.38125"
    },
    {
        "latitudine": "46.94501",
        "longitudine": "26.38125"
    },
    {
        "latitudine": "46.94054",
        "longitudine": "26.37921"
    },
    {
        "latitudine": "46.94769",
        "longitudine": "26.38071"
    },
    {
        "latitudine": "46.94768",
        "longitudine": "26.38095"
    },
    {
        "latitudine": "46.95439",
        "longitudine": "26.35158"
    },
    {
        "latitudine": "46.91517",
        "longitudine": "26.39746"
    },
    {
        "latitudine": "46.91522",
        "longitudine": "26.39782"
    },
    {
        "latitudine": "46.91645",
        "longitudine": "26.40917"
    },
    {
        "latitudine": "46.91645",
        "longitudine": "26.40917"
    },
    {
        "latitudine": "46.91616",
        "longitudine": "26.43094"
    },
    {
        "latitudine": "46.91616",
        "longitudine": "26.43094"
    },
    {
        "latitudine": "46.91616",
        "longitudine": "26.43094"
    },
    {
        "latitudine": "46.91642",
        "longitudine": "26.43112"
    },
    {
        "latitudine": "46.91577",
        "longitudine": "26.4333"
    },
    {
        "latitudine": "46.9208",
        "longitudine": "26.40277"
    },
    {
        "latitudine": "46.9208",
        "longitudine": "26.40277"
    },
    {
        "latitudine": "46.90404",
        "longitudine": "26.39248"
    },
    {
        "latitudine": "46.90404",
        "longitudine": "26.39248"
    },
    {
        "latitudine": "46.93958",
        "longitudine": "26.37785"
    },
    {
        "latitudine": "46.93906",
        "longitudine": "26.37748"
    },
    {
        "latitudine": "46.93881",
        "longitudine": "26.3779"
    },
    {
        "latitudine": "46.9381",
        "longitudine": "26.3776"
    },
    {
        "latitudine": "46.93754",
        "longitudine": "26.37722"
    },
    {
        "latitudine": "46.93679",
        "longitudine": "26.37641"
    },
    {
        "latitudine": "46.93579",
        "longitudine": "26.37501"
    },
    {
        "latitudine": "46.93522",
        "longitudine": "26.37376"
    },
    {
        "latitudine": "46.93535",
        "longitudine": "26.37543"
    },
    {
        "latitudine": "46.93587",
        "longitudine": "26.37703"
    },
    {
        "latitudine": "46.93606",
        "longitudine": "26.37651"
    },
    {
        "latitudine": "46.93557",
        "longitudine": "26.37702"
    },
    {
        "latitudine": "46.9349",
        "longitudine": "26.37658"
    },
    {
        "latitudine": "46.93436",
        "longitudine": "26.37605"
    },
    {
        "latitudine": "46.93433",
        "longitudine": "26.37412"
    },
    {
        "latitudine": "46.934",
        "longitudine": "26.37392"
    },
    {
        "latitudine": "46.93337",
        "longitudine": "26.37458"
    },
    {
        "latitudine": "46.93321",
        "longitudine": "26.37369"
    },
    {
        "latitudine": "46.93269",
        "longitudine": "26.37243"
    },
    {
        "latitudine": "46.93227",
        "longitudine": "26.37253"
    },
    {
        "latitudine": "46.93205",
        "longitudine": "26.37491"
    },
    {
        "latitudine": "46.93065",
        "longitudine": "26.3738"
    },
    {
        "latitudine": "46.93097",
        "longitudine": "26.37261"
    },
    {
        "latitudine": "46.92963",
        "longitudine": "26.37226"
    },
    {
        "latitudine": "46.9289",
        "longitudine": "26.37149"
    },
    {
        "latitudine": "46.92899",
        "longitudine": "26.37112"
    },
    {
        "latitudine": "46.92997",
        "longitudine": "26.37094"
    },
    {
        "latitudine": "46.93112",
        "longitudine": "26.37132"
    },
    {
        "latitudine": "46.93155",
        "longitudine": "26.36784"
    },
    {
        "latitudine": "46.931",
        "longitudine": "26.36859"
    },
    {
        "latitudine": "46.93053",
        "longitudine": "26.36991"
    },
    {
        "latitudine": "46.92997",
        "longitudine": "26.36948"
    },
    {
        "latitudine": "46.92901",
        "longitudine": "26.36946"
    },
    {
        "latitudine": "46.92878",
        "longitudine": "26.36868"
    },
    {
        "latitudine": "46.92914",
        "longitudine": "26.36757"
    },
    {
        "latitudine": "46.9293",
        "longitudine": "26.36692"
    },
    {
        "latitudine": "46.92999",
        "longitudine": "26.36564"
    },
    {
        "latitudine": "46.93093",
        "longitudine": "26.3643"
    },
    {
        "latitudine": "46.92767",
        "longitudine": "26.36907"
    },
    {
        "latitudine": "46.92783",
        "longitudine": "26.36858"
    },
    {
        "latitudine": "46.92756",
        "longitudine": "26.36749"
    },
    {
        "latitudine": "46.92812",
        "longitudine": "26.36723"
    },
    {
        "latitudine": "46.92785",
        "longitudine": "26.36606"
    },
    {
        "latitudine": "46.92853",
        "longitudine": "26.36558"
    },
    {
        "latitudine": "46.9278",
        "longitudine": "26.36527"
    },
    {
        "latitudine": "46.92761",
        "longitudine": "26.36496"
    },
    {
        "latitudine": "46.92717",
        "longitudine": "26.3646"
    },
    {
        "latitudine": "46.92792",
        "longitudine": "26.36272"
    },
    {
        "latitudine": "46.92774",
        "longitudine": "26.36306"
    },
    {
        "latitudine": "46.92696",
        "longitudine": "26.36292"
    },
    {
        "latitudine": "46.92652",
        "longitudine": "26.36388"
    },
    {
        "latitudine": "46.92625",
        "longitudine": "26.36383"
    },
    {
        "latitudine": "46.92639",
        "longitudine": "26.36415"
    },
    {
        "latitudine": "46.92661",
        "longitudine": "26.36496"
    },
    {
        "latitudine": "46.92587",
        "longitudine": "26.36503"
    },
    {
        "latitudine": "46.92581",
        "longitudine": "26.36453"
    },
    {
        "latitudine": "46.92531",
        "longitudine": "26.36491"
    },
    {
        "latitudine": "46.92571",
        "longitudine": "26.36978"
    },
    {
        "latitudine": "46.92566",
        "longitudine": "26.37031"
    },
    {
        "latitudine": "46.929604",
        "longitudine": "26.35024"
    },
    {
        "latitudine": "46.928679",
        "longitudine": "26.35088"
    }
]