[
    {
        "latitudine": "47.78349804560179",
        "longitudine": "22.87505292996268"
    },
    {
        "latitudine": "47.78744351501596",
        "longitudine": "22.87847945122188"
    },
    {
        "latitudine": "47.78742468293803",
        "longitudine": "22.87863360963936"
    },
    {
        "latitudine": "47.78609229608364",
        "longitudine": "22.87727421266765"
    },
    {
        "latitudine": "47.7861064205048",
        "longitudine": "22.87742136388434"
    },
    {
        "latitudine": "47.78903480098547",
        "longitudine": "22.86738705202758"
    },
    {
        "latitudine": "47.78906775609644",
        "longitudine": "22.8672399008109"
    },
    {
        "latitudine": "47.78733523048416",
        "longitudine": "22.86672837512234"
    },
    {
        "latitudine": "47.78737289469804",
        "longitudine": "22.86646210149214"
    },
    {
        "latitudine": "47.79423674202621",
        "longitudine": "22.87649641325197"
    },
    {
        "latitudine": "47.79418966797231",
        "longitudine": "22.87710603972110"
    },
    {
        "latitudine": "47.79333291274031",
        "longitudine": "22.87412797938341"
    },
    {
        "latitudine": "47.79267386064195",
        "longitudine": "22.87469556264777"
    },
    {
        "latitudine": "47.78403950603246",
        "longitudine": "22.85546780301799"
    },
    {
        "latitudine": "47.78397829774594",
        "longitudine": "22.85522255099018"
    },
    {
        "latitudine": "47.78405363101144",
        "longitudine": "22.85576210545136"
    },
    {
        "latitudine": "47.78397358941316",
        "longitudine": "22.85583217745931"
    },
    {
        "latitudine": "47.78826741179559",
        "longitudine": "22.87365849701383"
    },
    {
        "latitudine": "47.78879469886231",
        "longitudine": "22.86992365879357"
    },
    {
        "latitudine": "47.78236118606782",
        "longitudine": "22.88563334439678"
    },
    {
        "latitudine": "47.78258719256747",
        "longitudine": "22.88711887096523"
    },
    {
        "latitudine": "47.7662473976745",
        "longitudine": "22.88014928375182"
    },
    {
        "latitudine": "47.79094200070546",
        "longitudine": "22.87419724761984"
    },
    {
        "latitudine": "47.77692571316057",
        "longitudine": "22.88356048950346"
    },
    {
        "latitudine": "47.77919268004286",
        "longitudine": "22.86952376068567"
    },
    {
        "latitudine": "47.76773148075804",
        "longitudine": "22.86441229902184"
    },
    {
        "latitudine": "47.77931229878961",
        "longitudine": "22.86156402737121"
    },
    {
        "latitudine": "47.77952395319389",
        "longitudine": "22.86128055602869"
    },
    {
        "latitudine": "47.78144291385148",
        "longitudine": "22.86663501476054"
    },
    {
        "latitudine": "47.79035849021006",
        "longitudine": "22.87338787909214"
    },
    {
        "latitudine": "47.80335118935325",
        "longitudine": "22.89117763159108"
    },
    {
        "latitudine": "47.80062408255811",
        "longitudine": "22.89042067536914"
    },
    {
        "latitudine": "47.80589857471541",
        "longitudine": "22.88371910074529"
    },
    {
        "latitudine": "47.80811077459980",
        "longitudine": "22.88616031848365"
    },
    {
        "latitudine": "47.80666265300056",
        "longitudine": "22.87209163325139"
    },
    {
        "latitudine": "47.79331256862104",
        "longitudine": "22.87775559581568"
    },
    {
        "latitudine": "47.79287343580058",
        "longitudine": "22.88594768202563"
    },
    {
        "latitudine": "47.79156287258993",
        "longitudine": "22.89184156736969"
    },
    {
        "latitudine": "47.79868228539261",
        "longitudine": "22.86414951023867"
    },
    {
        "latitudine": "47.79887982571120",
        "longitudine": "22.86425256187377"
    },
    {
        "latitudine": "47.80462682027772",
        "longitudine": "22.87628531099196"
    },
    {
        "latitudine": "47.80037067700347",
        "longitudine": "22.88522789976610"
    },
    {
        "latitudine": "47.79517325102653",
        "longitudine": "22.88861228417265"
    },
    {
        "latitudine": "47.79294085309705",
        "longitudine": "22.88903326005572"
    },
    {
        "latitudine": "47.79568047818667",
        "longitudine": "22.89244706913489"
    },
    {
        "latitudine": "47.79279672069195",
        "longitudine": "22.88959242709606"
    },
    {
        "latitudine": "47.79295415079021",
        "longitudine": "22.88426660228290"
    },
    {
        "latitudine": "47.7930865348194",
        "longitudine": "22.88223213715786"
    },
    {
        "latitudine": "47.79301497592688",
        "longitudine": "22.88219485638544"
    },
    {
        "latitudine": "47.78901510464898",
        "longitudine": "22.8691088754863"
    },
    {
        "latitudine": "47.79453781272981",
        "longitudine": "22.87584579992445"
    },
    {
        "latitudine": "47.79178139060783",
        "longitudine": "22.87362075257681"
    },
    {
        "latitudine": "47.7910310385541",
        "longitudine": "22.87351850345497"
    },
    {
        "latitudine": "47.78856687642132",
        "longitudine": "22.87260287238333"
    },
    {
        "latitudine": "47.78900984635914",
        "longitudine": "22.87291055195474"
    },
    {
        "latitudine": "47.78216648922681",
        "longitudine": "22.86407253431019"
    },
    {
        "latitudine": "47.78205603143606",
        "longitudine": "22.86496636952682"
    },
    {
        "latitudine": "47.79344451937705",
        "longitudine": "22.86839780900438"
    },
    {
        "latitudine": "47.79173020404538",
        "longitudine": "22.86907083611254"
    },
    {
        "latitudine": "47.79328166185432",
        "longitudine": "22.86879333205166"
    },
    {
        "latitudine": "47.79244593757536",
        "longitudine": "22.86862108815388"
    },
    {
        "latitudine": "47.79546346475209",
        "longitudine": "22.87401592956707"
    },
    {
        "latitudine": "47.79553914249224",
        "longitudine": "22.8741607688454"
    },
    {
        "latitudine": "47.78899455603352",
        "longitudine": "22.88138827131413"
    },
    {
        "latitudine": "47.78929717370564",
        "longitudine": "22.88296473127526"
    },
    {
        "latitudine": "47.79125071777303",
        "longitudine": "22.88097983285646"
    },
    {
        "latitudine": "47.79219019154174",
        "longitudine": "22.87848980517071"
    },
    {
        "latitudine": "47.78402983704409",
        "longitudine": "22.86537559793785"
    },
    {
        "latitudine": "47.78424953595755",
        "longitudine": "22.86501384490562"
    },
    {
        "latitudine": "47.78371807933535",
        "longitudine": "22.87474017108422"
    },
    {
        "latitudine": "47.78335219792531",
        "longitudine": "22.8750021572684"
    },
    {
        "latitudine": "47.78335219792531",
        "longitudine": "22.8750021572684"
    },
    {
        "latitudine": "47.78335219792531",
        "longitudine": "22.8750021572684"
    },
    {
        "latitudine": "47.77923674201268",
        "longitudine": "22.89182830564655"
    },
    {
        "latitudine": "47.77987484197418",
        "longitudine": "22.88221948150801"
    },
    {
        "latitudine": "47.76978182043847",
        "longitudine": "22.88687161738278"
    },
    {
        "latitudine": "47.76121756840138",
        "longitudine": "22.88425129758625"
    },
    {
        "latitudine": "47.76115303592559",
        "longitudine": "22.88632212696741"
    },
    {
        "latitudine": "47.78120900775735",
        "longitudine": "22.86357580753743"
    },
    {
        "latitudine": "47.7818664418552",
        "longitudine": "22.85704230458690"
    },
    {
        "latitudine": "47.78368433237936",
        "longitudine": "22.83477463589727"
    },
    {
        "latitudine": "47.78359906405200",
        "longitudine": "22.83519763662432"
    },
    {
        "latitudine": "47.79651481907683",
        "longitudine": "22.91421722835086"
    },
    {
        "latitudine": "47.79659016762167",
        "longitudine": "22.91410506334491"
    },
    {
        "latitudine": "47.80666272200972",
        "longitudine": "22.91418937074945"
    },
    {
        "latitudine": "47.80666272200972",
        "longitudine": "22.91418937074945"
    },
    {
        "latitudine": "47.80677736634457",
        "longitudine": "22.91401108958701"
    },
    {
        "latitudine": "47.80677736634457",
        "longitudine": "22.91401108958701"
    },
    {
        "latitudine": "47.81809243194016",
        "longitudine": "22.88734545206535"
    },
    {
        "latitudine": "47.81809243194016",
        "longitudine": "22.88734545206535"
    },
    {
        "latitudine": "47.777975500773",
        "longitudine": "22.90065523837915"
    },
    {
        "latitudine": "47.77804579550584",
        "longitudine": "22.90047064220233"
    },
    {
        "latitudine": "47.81125980783541",
        "longitudine": "22.85355882553992"
    },
    {
        "latitudine": "47.81125980783541",
        "longitudine": "22.85355882553992"
    },
    {
        "latitudine": "47.75534532221278",
        "longitudine": "22.88308941285582"
    },
    {
        "latitudine": "47.75539105596527",
        "longitudine": "22.8831932421164"
    },
    {
        "latitudine": "47.76965160387324",
        "longitudine": "22.89445816031616"
    },
    {
        "latitudine": "47.79887418492035",
        "longitudine": "22.87391963968692"
    },
    {
        "latitudine": "47.79351951909219",
        "longitudine": "22.88789496710619"
    },
    {
        "latitudine": "47.72921671135883",
        "longitudine": "22.8825383565131"
    },
    {
        "latitudine": "47.72931669525338",
        "longitudine": "22.87319352951272"
    },
    {
        "latitudine": "47.79190010899604",
        "longitudine": "22.87354725187192"
    },
    {
        "latitudine": "47.79194877525547",
        "longitudine": "22.87411124062341"
    },
    {
        "latitudine": "47.79202177458842",
        "longitudine": "22.87512538552305"
    },
    {
        "latitudine": "47.79351650031477",
        "longitudine": "22.87605156892584"
    },
    {
        "latitudine": "47.79362425794787",
        "longitudine": "22.87380596236235"
    }
]