[
    {
        "latitudine": "44.565678553429",
        "longitudine": "27.3636050506719"
    },
    {
        "latitudine": "44.565678553429",
        "longitudine": "27.3636050506719"
    },
    {
        "latitudine": "44.5637217276997",
        "longitudine": "27.3627360149176"
    },
    {
        "latitudine": "44.5637217276997",
        "longitudine": "27.3627360149176"
    },
    {
        "latitudine": "44.5637217276997",
        "longitudine": "27.3627360149176"
    },
    {
        "latitudine": "44.5635497379157",
        "longitudine": "27.3531766219551"
    },
    {
        "latitudine": "44.5635497379157",
        "longitudine": "27.3531766219551"
    },
    {
        "latitudine": "44.5635497379157",
        "longitudine": "27.3531766219551"
    },
    {
        "latitudine": "44.5635497379157",
        "longitudine": "27.3531766219551"
    },
    {
        "latitudine": "44.5677621652362",
        "longitudine": "27.3640789750787"
    },
    {
        "latitudine": "44.5684309631113",
        "longitudine": "27.3645242217803"
    },
    {
        "latitudine": "44.5684309631113",
        "longitudine": "27.3645242217803"
    },
    {
        "latitudine": "44.5684309631113",
        "longitudine": "27.3645242217803"
    },
    {
        "latitudine": "44.5684309631113",
        "longitudine": "27.3645242217803"
    },
    {
        "latitudine": "44.5626862329442",
        "longitudine": "27.3685548776391"
    },
    {
        "latitudine": "44.5592661384886",
        "longitudine": "27.356760787118"
    },
    {
        "latitudine": "44.5615840367845",
        "longitudine": "27.3648512488416"
    },
    {
        "latitudine": "44.5611502947117",
        "longitudine": "27.3595392604541"
    },
    {
        "latitudine": "44.561471868814",
        "longitudine": "27.3807913234627"
    },
    {
        "latitudine": "44.5687522892097",
        "longitudine": "27.3594110541361"
    },
    {
        "latitudine": "44.5687522892097",
        "longitudine": "27.3594110541361"
    },
    {
        "latitudine": "44.5687522892097",
        "longitudine": "27.3594110541361"
    },
    {
        "latitudine": "44.5687522892097",
        "longitudine": "27.3594110541361"
    },
    {
        "latitudine": "44.5716412640843",
        "longitudine": "27.3852615992927"
    },
    {
        "latitudine": "44.5716412640843",
        "longitudine": "27.3852615992927"
    },
    {
        "latitudine": "44.5716412640843",
        "longitudine": "27.3852615992927"
    },
    {
        "latitudine": "44.5716412640843",
        "longitudine": "27.3852615992927"
    },
    {
        "latitudine": "44.5716412640843",
        "longitudine": "27.3852615992927"
    },
    {
        "latitudine": "44.5716412640843",
        "longitudine": "27.3852615992927"
    },
    {
        "latitudine": "44.5716412640843",
        "longitudine": "27.3852615992927"
    },
    {
        "latitudine": "44.5764764305826",
        "longitudine": "27.3866650681425"
    },
    {
        "latitudine": "44.5764764305826",
        "longitudine": "27.3866650681425"
    },
    {
        "latitudine": "44.5577922765084",
        "longitudine": "27.3623880441794"
    },
    {
        "latitudine": "44.5577922765084",
        "longitudine": "27.3623880441794"
    },
    {
        "latitudine": "44.5577922765084",
        "longitudine": "27.3623880441794"
    },
    {
        "latitudine": "44.5577922765084",
        "longitudine": "27.3623880441794"
    },
    {
        "latitudine": "44.5644515586417",
        "longitudine": "27.3610381095816"
    },
    {
        "latitudine": "44.5644515586417",
        "longitudine": "27.3610381095816"
    },
    {
        "latitudine": "44.5644515586417",
        "longitudine": "27.3610381095816"
    },
    {
        "latitudine": "44.5644515586417",
        "longitudine": "27.3610381095816"
    },
    {
        "latitudine": "44.5644515586417",
        "longitudine": "27.3610381095816"
    },
    {
        "latitudine": "44.5644515586417",
        "longitudine": "27.3610381095816"
    },
    {
        "latitudine": "44.5644515586417",
        "longitudine": "27.3610381095816"
    },
    {
        "latitudine": "44.5584025186906",
        "longitudine": "27.3619696233591"
    },
    {
        "latitudine": "44.5580540160502",
        "longitudine": "27.3845990308524"
    },
    {
        "latitudine": "44.5580540160502",
        "longitudine": "27.3845990308524"
    },
    {
        "latitudine": "44.5696000445185",
        "longitudine": "27.3511395124911"
    },
    {
        "latitudine": "44.5697081356809",
        "longitudine": "27.3581190307254"
    },
    {
        "latitudine": "44.5639868460796",
        "longitudine": "27.3638755474658"
    },
    {
        "latitudine": "44.5639868460796",
        "longitudine": "27.3638755474658"
    },
    {
        "latitudine": "44.5664839416168",
        "longitudine": "27.3597333551224"
    },
    {
        "latitudine": "44.5664839416168",
        "longitudine": "27.3597333551224"
    },
    {
        "latitudine": "44.55856223731",
        "longitudine": "27.3809628569182"
    },
    {
        "latitudine": "44.55856223731",
        "longitudine": "27.3809628569182"
    },
    {
        "latitudine": "44.55856223731",
        "longitudine": "27.3809628569182"
    },
    {
        "latitudine": "44.5480427035808",
        "longitudine": "27.3837695010717"
    },
    {
        "latitudine": "44.5480427035808",
        "longitudine": "27.3837695010717"
    },
    {
        "latitudine": "44.5621144339345",
        "longitudine": "27.3836078770391"
    },
    {
        "latitudine": "44.5621144339345",
        "longitudine": "27.3836078770391"
    },
    {
        "latitudine": "44.5621144339345",
        "longitudine": "27.3836078770391"
    },
    {
        "latitudine": "44.5621144339345",
        "longitudine": "27.3836078770391"
    },
    {
        "latitudine": "44.5621144339345",
        "longitudine": "27.3836078770391"
    },
    {
        "latitudine": "44.5621144339345",
        "longitudine": "27.3836078770391"
    },
    {
        "latitudine": "44.5621144339345",
        "longitudine": "27.3836078770391"
    },
    {
        "latitudine": "44.5621144339345",
        "longitudine": "27.3836078770391"
    },
    {
        "latitudine": "44.5655888720532",
        "longitudine": "27.3540159591535"
    },
    {
        "latitudine": "44.5655888720532",
        "longitudine": "27.3540159591535"
    },
    {
        "latitudine": "44.5655888720532",
        "longitudine": "27.3540159591535"
    },
    {
        "latitudine": "44.5690407932645",
        "longitudine": "27.3381922553656"
    },
    {
        "latitudine": "44.5690407932645",
        "longitudine": "27.3381922553656"
    },
    {
        "latitudine": "44.5688507971586",
        "longitudine": "27.3511088710567"
    },
    {
        "latitudine": "44.6023705222806",
        "longitudine": "27.3877577294718"
    },
    {
        "latitudine": "44.6023705222806",
        "longitudine": "27.3877577294718"
    },
    {
        "latitudine": "44.6023705222806",
        "longitudine": "27.3877577294718"
    },
    {
        "latitudine": "44.563025195033",
        "longitudine": "27.3619828584955"
    },
    {
        "latitudine": "44.5639536104816",
        "longitudine": "27.3781344243328"
    },
    {
        "latitudine": "44.5639536104816",
        "longitudine": "27.3781344243328"
    },
    {
        "latitudine": "44.5639536104816",
        "longitudine": "27.3781344243328"
    },
    {
        "latitudine": "44.5639536104816",
        "longitudine": "27.3781344243328"
    },
    {
        "latitudine": "44.5639536104816",
        "longitudine": "27.3781344243328"
    },
    {
        "latitudine": "44.563616184152",
        "longitudine": "27.3562321516682"
    },
    {
        "latitudine": "44.563616184152",
        "longitudine": "27.3562321516682"
    },
    {
        "latitudine": "44.563616184152",
        "longitudine": "27.3562321516682"
    },
    {
        "latitudine": "44.563616184152",
        "longitudine": "27.3562321516682"
    },
    {
        "latitudine": "44.563616184152",
        "longitudine": "27.3562321516682"
    },
    {
        "latitudine": "44.563616184152",
        "longitudine": "27.3562321516682"
    },
    {
        "latitudine": "44.563616184152",
        "longitudine": "27.3562321516682"
    },
    {
        "latitudine": "44.5692549047771",
        "longitudine": "27.3593807424821"
    },
    {
        "latitudine": "44.5692549047771",
        "longitudine": "27.3593807424821"
    },
    {
        "latitudine": "44.5692549047771",
        "longitudine": "27.3593807424821"
    },
    {
        "latitudine": "44.5652381343691",
        "longitudine": "27.3646724773572"
    },
    {
        "latitudine": "44.5652381343691",
        "longitudine": "27.3646724773572"
    },
    {
        "latitudine": "44.5652381343691",
        "longitudine": "27.3646724773572"
    },
    {
        "latitudine": "44.5652381343691",
        "longitudine": "27.3646724773572"
    },
    {
        "latitudine": "44.5652381343691",
        "longitudine": "27.3646724773572"
    },
    {
        "latitudine": "44.5652381343691",
        "longitudine": "27.3646724773572"
    },
    {
        "latitudine": "44.5652381343691",
        "longitudine": "27.3646724773572"
    },
    {
        "latitudine": "44.5617239452919",
        "longitudine": "27.3861080024449"
    },
    {
        "latitudine": "44.5617239452919",
        "longitudine": "27.3861080024449"
    },
    {
        "latitudine": "44.5577349634317",
        "longitudine": "27.3949264552452"
    },
    {
        "latitudine": "44.5577349634317",
        "longitudine": "27.3949264552452"
    },
    {
        "latitudine": "44.5589370722895",
        "longitudine": "27.3916650601643"
    },
    {
        "latitudine": "44.5589370722895",
        "longitudine": "27.3916650601643"
    },
    {
        "latitudine": "44.5729040263557",
        "longitudine": "27.3712235029369"
    },
    {
        "latitudine": "44.5729040263557",
        "longitudine": "27.3712235029369"
    },
    {
        "latitudine": "44.5968201536829",
        "longitudine": "27.3966643091378"
    },
    {
        "latitudine": "44.5968201536829",
        "longitudine": "27.3966643091378"
    },
    {
        "latitudine": "44.5968201536829",
        "longitudine": "27.3966643091378"
    },
    {
        "latitudine": "44.5707288604384",
        "longitudine": "27.3576882485139"
    },
    {
        "latitudine": "44.569933976958",
        "longitudine": "27.3588469628284"
    },
    {
        "latitudine": "44.569933976958",
        "longitudine": "27.3588469628284"
    },
    {
        "latitudine": "44.569933976958",
        "longitudine": "27.3588469628284"
    },
    {
        "latitudine": "44.569933976958",
        "longitudine": "27.3588469628284"
    },
    {
        "latitudine": "44.569933976958",
        "longitudine": "27.3588469628284"
    },
    {
        "latitudine": "44.569933976958",
        "longitudine": "27.3588469628284"
    },
    {
        "latitudine": "44.569933976958",
        "longitudine": "27.3588469628284"
    },
    {
        "latitudine": "44.569933976958",
        "longitudine": "27.3588469628284"
    },
    {
        "latitudine": "44.569933976958",
        "longitudine": "27.3588469628284"
    },
    {
        "latitudine": "44.569933976958",
        "longitudine": "27.3588469628284"
    },
    {
        "latitudine": "44.5639261408868",
        "longitudine": "27.376399338926"
    },
    {
        "latitudine": "44.5639261408868",
        "longitudine": "27.376399338926"
    },
    {
        "latitudine": "44.5639261408868",
        "longitudine": "27.376399338926"
    },
    {
        "latitudine": "44.5639261408868",
        "longitudine": "27.376399338926"
    },
    {
        "latitudine": "44.5639261408868",
        "longitudine": "27.376399338926"
    },
    {
        "latitudine": "44.5639261408868",
        "longitudine": "27.376399338926"
    },
    {
        "latitudine": "44.5657637845178",
        "longitudine": "27.3760942142449"
    },
    {
        "latitudine": "44.5657637845178",
        "longitudine": "27.3760942142449"
    },
    {
        "latitudine": "44.5657637845178",
        "longitudine": "27.3760942142449"
    },
    {
        "latitudine": "44.5657637845178",
        "longitudine": "27.3760942142449"
    },
    {
        "latitudine": "44.5657637845178",
        "longitudine": "27.3760942142449"
    },
    {
        "latitudine": "44.5638768851088",
        "longitudine": "27.3541359940946"
    },
    {
        "latitudine": "44.5638768851088",
        "longitudine": "27.3541359940946"
    },
    {
        "latitudine": "44.5638768851088",
        "longitudine": "27.3541359940946"
    },
    {
        "latitudine": "44.5638768851088",
        "longitudine": "27.3541359940946"
    },
    {
        "latitudine": "44.5638768851088",
        "longitudine": "27.3541359940946"
    },
    {
        "latitudine": "44.5638768851088",
        "longitudine": "27.3541359940946"
    },
    {
        "latitudine": "44.5638768851088",
        "longitudine": "27.3541359940946"
    },
    {
        "latitudine": "44.5688070295251",
        "longitudine": "27.3619036714768"
    },
    {
        "latitudine": "44.5688070295251",
        "longitudine": "27.3619036714768"
    },
    {
        "latitudine": "44.5688070295251",
        "longitudine": "27.3619036714768"
    },
    {
        "latitudine": "44.5688070295251",
        "longitudine": "27.3619036714768"
    },
    {
        "latitudine": "44.5688070295251",
        "longitudine": "27.3619036714768"
    },
    {
        "latitudine": "44.5688070295251",
        "longitudine": "27.3619036714768"
    },
    {
        "latitudine": "44.5688070295251",
        "longitudine": "27.3619036714768"
    },
    {
        "latitudine": "44.5688070295251",
        "longitudine": "27.3619036714768"
    },
    {
        "latitudine": "44.5688070295251",
        "longitudine": "27.3619036714768"
    },
    {
        "latitudine": "44.5688070295251",
        "longitudine": "27.3619036714768"
    },
    {
        "latitudine": "44.5688070295251",
        "longitudine": "27.3619036714768"
    },
    {
        "latitudine": "44.5629596028979",
        "longitudine": "27.3540608922544"
    },
    {
        "latitudine": "44.5629596028979",
        "longitudine": "27.3540608922544"
    },
    {
        "latitudine": "44.5629596028979",
        "longitudine": "27.3540608922544"
    },
    {
        "latitudine": "44.5629596028979",
        "longitudine": "27.3540608922544"
    },
    {
        "latitudine": "44.5629596028979",
        "longitudine": "27.3540608922544"
    },
    {
        "latitudine": "44.5629596028979",
        "longitudine": "27.3540608922544"
    },
    {
        "latitudine": "44.5623505935434",
        "longitudine": "27.3550060035478"
    },
    {
        "latitudine": "44.5623505935434",
        "longitudine": "27.3550060035478"
    },
    {
        "latitudine": "44.5623505935434",
        "longitudine": "27.3550060035478"
    },
    {
        "latitudine": "44.567467161121",
        "longitudine": "27.3843627086626"
    },
    {
        "latitudine": "44.567467161121",
        "longitudine": "27.3843627086626"
    },
    {
        "latitudine": "44.567467161121",
        "longitudine": "27.3843627086626"
    },
    {
        "latitudine": "44.567467161121",
        "longitudine": "27.3843627086626"
    },
    {
        "latitudine": "44.5621805176923",
        "longitudine": "27.3608973207054"
    },
    {
        "latitudine": "44.5621805176923",
        "longitudine": "27.3608973207054"
    },
    {
        "latitudine": "44.5621805176923",
        "longitudine": "27.3608973207054"
    },
    {
        "latitudine": "44.5621805176923",
        "longitudine": "27.3608973207054"
    },
    {
        "latitudine": "44.5631350139362",
        "longitudine": "27.3783768880357"
    },
    {
        "latitudine": "44.5648635032928",
        "longitudine": "27.3818210454019"
    },
    {
        "latitudine": "44.5648635032928",
        "longitudine": "27.3818210454019"
    },
    {
        "latitudine": "44.5648635032928",
        "longitudine": "27.3818210454019"
    },
    {
        "latitudine": "44.5620807577734",
        "longitudine": "27.3640818833829"
    },
    {
        "latitudine": "44.5620807577734",
        "longitudine": "27.3640818833829"
    },
    {
        "latitudine": "44.5620807577734",
        "longitudine": "27.3640818833829"
    },
    {
        "latitudine": "44.5620807577734",
        "longitudine": "27.3640818833829"
    },
    {
        "latitudine": "44.5622179946725",
        "longitudine": "27.3647243829394"
    },
    {
        "latitudine": "44.5622179946725",
        "longitudine": "27.3647243829394"
    },
    {
        "latitudine": "44.5622179946725",
        "longitudine": "27.3647243829394"
    },
    {
        "latitudine": "44.5622179946725",
        "longitudine": "27.3647243829394"
    },
    {
        "latitudine": "44.5622179946725",
        "longitudine": "27.3647243829394"
    },
    {
        "latitudine": "44.5622179946725",
        "longitudine": "27.3647243829394"
    },
    {
        "latitudine": "44.5622179946725",
        "longitudine": "27.3647243829394"
    },
    {
        "latitudine": "44.5620774580283",
        "longitudine": "27.3679144779368"
    },
    {
        "latitudine": "44.5621369158857",
        "longitudine": "27.3694962491553"
    },
    {
        "latitudine": "44.5621369158857",
        "longitudine": "27.3694962491553"
    },
    {
        "latitudine": "44.5621369158857",
        "longitudine": "27.3694962491553"
    },
    {
        "latitudine": "44.5621369158857",
        "longitudine": "27.3694962491553"
    },
    {
        "latitudine": "44.5621369158857",
        "longitudine": "27.3694962491553"
    },
    {
        "latitudine": "44.5621369158857",
        "longitudine": "27.3694962491553"
    },
    {
        "latitudine": "44.5626612233967",
        "longitudine": "27.3514329527493"
    },
    {
        "latitudine": "44.5626612233967",
        "longitudine": "27.3514329527493"
    },
    {
        "latitudine": "44.5626612233967",
        "longitudine": "27.3514329527493"
    },
    {
        "latitudine": "44.5626612233967",
        "longitudine": "27.3514329527493"
    },
    {
        "latitudine": "44.5626612233967",
        "longitudine": "27.3514329527493"
    },
    {
        "latitudine": "44.5626612233967",
        "longitudine": "27.3514329527493"
    },
    {
        "latitudine": "44.5626612233967",
        "longitudine": "27.3514329527493"
    },
    {
        "latitudine": "44.5626612233967",
        "longitudine": "27.3514329527493"
    },
    {
        "latitudine": "44.5626612233967",
        "longitudine": "27.3514329527493"
    },
    {
        "latitudine": "44.5624573722009",
        "longitudine": "27.3759429908799"
    },
    {
        "latitudine": "44.5624573722009",
        "longitudine": "27.3759429908799"
    },
    {
        "latitudine": "44.5639357783032",
        "longitudine": "27.3775488783945"
    },
    {
        "latitudine": "44.5639357783032",
        "longitudine": "27.3775488783945"
    },
    {
        "latitudine": "44.5650021486923",
        "longitudine": "27.3804152260269"
    },
    {
        "latitudine": "44.5650021486923",
        "longitudine": "27.3804152260269"
    },
    {
        "latitudine": "44.5639737151167",
        "longitudine": "27.3818767640927"
    },
    {
        "latitudine": "44.5639737151167",
        "longitudine": "27.3818767640927"
    },
    {
        "latitudine": "44.5610414282847",
        "longitudine": "27.3708704926021"
    },
    {
        "latitudine": "44.5610414282847",
        "longitudine": "27.3708704926021"
    },
    {
        "latitudine": "44.5610414282847",
        "longitudine": "27.3708704926021"
    },
    {
        "latitudine": "44.5610414282847",
        "longitudine": "27.3708704926021"
    },
    {
        "latitudine": "44.5610414282847",
        "longitudine": "27.3708704926021"
    },
    {
        "latitudine": "44.5610414282847",
        "longitudine": "27.3708704926021"
    },
    {
        "latitudine": "44.5565679181373",
        "longitudine": "27.3612286709952"
    },
    {
        "latitudine": "44.5565679181373",
        "longitudine": "27.3612286709952"
    },
    {
        "latitudine": "44.561733267972",
        "longitudine": "27.3588697881312"
    },
    {
        "latitudine": "44.561733267972",
        "longitudine": "27.3588697881312"
    },
    {
        "latitudine": "44.561733267972",
        "longitudine": "27.3588697881312"
    },
    {
        "latitudine": "44.56380855933",
        "longitudine": "27.3386871289034"
    },
    {
        "latitudine": "44.56380855933",
        "longitudine": "27.3386871289034"
    },
    {
        "latitudine": "44.56380855933",
        "longitudine": "27.3386871289034"
    },
    {
        "latitudine": "44.56380855933",
        "longitudine": "27.3386871289034"
    },
    {
        "latitudine": "44.56380855933",
        "longitudine": "27.3386871289034"
    },
    {
        "latitudine": "44.56380855933",
        "longitudine": "27.3386871289034"
    },
    {
        "latitudine": "44.56380855933",
        "longitudine": "27.3386871289034"
    },
    {
        "latitudine": "44.56380855933",
        "longitudine": "27.3386871289034"
    },
    {
        "latitudine": "44.567786302796",
        "longitudine": "27.3771094886575"
    },
    {
        "latitudine": "44.5605834888275",
        "longitudine": "27.3669430099572"
    },
    {
        "latitudine": "44.5579049004841",
        "longitudine": "27.3951142368526"
    },
    {
        "latitudine": "44.5579049004841",
        "longitudine": "27.3951142368526"
    },
    {
        "latitudine": "44.5579049004841",
        "longitudine": "27.3951142368526"
    },
    {
        "latitudine": "44.562943684372",
        "longitudine": "27.3753217570827"
    },
    {
        "latitudine": "44.562943684372",
        "longitudine": "27.3753217570827"
    },
    {
        "latitudine": "44.562943684372",
        "longitudine": "27.3753217570827"
    },
    {
        "latitudine": "44.562943684372",
        "longitudine": "27.3753217570827"
    },
    {
        "latitudine": "44.562943684372",
        "longitudine": "27.3753217570827"
    },
    {
        "latitudine": "44.5627022074802",
        "longitudine": "27.3659237419603"
    },
    {
        "latitudine": "44.5627022074802",
        "longitudine": "27.3659237419603"
    },
    {
        "latitudine": "44.5627022074802",
        "longitudine": "27.3659237419603"
    },
    {
        "latitudine": "44.5627022074802",
        "longitudine": "27.3659237419603"
    },
    {
        "latitudine": "44.5627022074802",
        "longitudine": "27.3659237419603"
    },
    {
        "latitudine": "44.5650392238613",
        "longitudine": "27.3550549635083"
    },
    {
        "latitudine": "44.5650392238613",
        "longitudine": "27.3550549635083"
    },
    {
        "latitudine": "44.5650392238613",
        "longitudine": "27.3550549635083"
    },
    {
        "latitudine": "44.5650392238613",
        "longitudine": "27.3550549635083"
    },
    {
        "latitudine": "44.5650392238613",
        "longitudine": "27.3550549635083"
    },
    {
        "latitudine": "44.5650392238613",
        "longitudine": "27.3550549635083"
    },
    {
        "latitudine": "44.5677194917666",
        "longitudine": "27.3654120356399"
    },
    {
        "latitudine": "44.5677194917666",
        "longitudine": "27.3654120356399"
    },
    {
        "latitudine": "44.5677194917666",
        "longitudine": "27.3654120356399"
    },
    {
        "latitudine": "44.5677194917666",
        "longitudine": "27.3654120356399"
    },
    {
        "latitudine": "44.5677194917666",
        "longitudine": "27.3654120356399"
    },
    {
        "latitudine": "44.5677194917666",
        "longitudine": "27.3654120356399"
    },
    {
        "latitudine": "44.5677194917666",
        "longitudine": "27.3654120356399"
    },
    {
        "latitudine": "44.5586746901879",
        "longitudine": "27.3562678965743"
    },
    {
        "latitudine": "44.5586746901879",
        "longitudine": "27.3562678965743"
    },
    {
        "latitudine": "44.5586746901879",
        "longitudine": "27.3562678965743"
    },
    {
        "latitudine": "44.5586746901879",
        "longitudine": "27.3562678965743"
    },
    {
        "latitudine": "44.6021337166484",
        "longitudine": "27.3860234844107"
    },
    {
        "latitudine": "44.6021337166484",
        "longitudine": "27.3860234844107"
    },
    {
        "latitudine": "44.6021337166484",
        "longitudine": "27.3860234844107"
    },
    {
        "latitudine": "44.5605971547377",
        "longitudine": "27.3646414983172"
    },
    {
        "latitudine": "44.5605971547377",
        "longitudine": "27.3646414983172"
    },
    {
        "latitudine": "44.5605971547377",
        "longitudine": "27.3646414983172"
    },
    {
        "latitudine": "44.5605971547377",
        "longitudine": "27.3646414983172"
    },
    {
        "latitudine": "44.5605971547377",
        "longitudine": "27.3646414983172"
    },
    {
        "latitudine": "44.5605971547377",
        "longitudine": "27.3646414983172"
    },
    {
        "latitudine": "44.5605971547377",
        "longitudine": "27.3646414983172"
    },
    {
        "latitudine": "44.5605971547377",
        "longitudine": "27.3646414983172"
    },
    {
        "latitudine": "44.5605971547377",
        "longitudine": "27.3646414983172"
    },
    {
        "latitudine": "44.5605971547377",
        "longitudine": "27.3646414983172"
    },
    {
        "latitudine": "44.5605971547377",
        "longitudine": "27.3646414983172"
    },
    {
        "latitudine": "44.5627438671429",
        "longitudine": "27.3495168301746"
    },
    {
        "latitudine": "44.5627438671429",
        "longitudine": "27.3495168301746"
    },
    {
        "latitudine": "44.5627438671429",
        "longitudine": "27.3495168301746"
    },
    {
        "latitudine": "44.5627438671429",
        "longitudine": "27.3495168301746"
    },
    {
        "latitudine": "44.5627438671429",
        "longitudine": "27.3495168301746"
    },
    {
        "latitudine": "44.5676280036696",
        "longitudine": "27.3854220959505"
    },
    {
        "latitudine": "44.5682326537776",
        "longitudine": "27.3848377256354"
    },
    {
        "latitudine": "44.5701389791399",
        "longitudine": "27.3611493266574"
    },
    {
        "latitudine": "44.5701389791399",
        "longitudine": "27.3611493266574"
    },
    {
        "latitudine": "44.5710819576135",
        "longitudine": "27.3664358141979"
    },
    {
        "latitudine": "44.5555159027682",
        "longitudine": "27.3556725232403"
    },
    {
        "latitudine": "44.5555159027682",
        "longitudine": "27.3556725232403"
    },
    {
        "latitudine": "44.5647115708183",
        "longitudine": "27.3557423046526"
    },
    {
        "latitudine": "44.5647115708183",
        "longitudine": "27.3557423046526"
    },
    {
        "latitudine": "44.5647115708183",
        "longitudine": "27.3557423046526"
    },
    {
        "latitudine": "44.5646618021294",
        "longitudine": "27.353248270011"
    },
    {
        "latitudine": "44.5646618021294",
        "longitudine": "27.353248270011"
    },
    {
        "latitudine": "44.5647619103426",
        "longitudine": "27.3508926509254"
    },
    {
        "latitudine": "44.5647619103426",
        "longitudine": "27.3508926509254"
    },
    {
        "latitudine": "44.5565174639466",
        "longitudine": "27.3902647073157"
    },
    {
        "latitudine": "44.5565174639466",
        "longitudine": "27.3902647073157"
    },
    {
        "latitudine": "44.5565174639466",
        "longitudine": "27.3902647073157"
    },
    {
        "latitudine": "44.5509058611909",
        "longitudine": "27.4002357383794"
    },
    {
        "latitudine": "44.5509058611909",
        "longitudine": "27.4002357383794"
    },
    {
        "latitudine": "44.6036528766831",
        "longitudine": "27.3933516377223"
    },
    {
        "latitudine": "44.6036528766831",
        "longitudine": "27.3933516377223"
    },
    {
        "latitudine": "44.6036528766831",
        "longitudine": "27.3933516377223"
    },
    {
        "latitudine": "44.608931640108",
        "longitudine": "27.3946025320924"
    },
    {
        "latitudine": "44.608931640108",
        "longitudine": "27.3946025320924"
    },
    {
        "latitudine": "44.6057344149089",
        "longitudine": "27.3818554427516"
    },
    {
        "latitudine": "44.6057344149089",
        "longitudine": "27.3818554427516"
    },
    {
        "latitudine": "44.5953702161942",
        "longitudine": "27.390819316497"
    },
    {
        "latitudine": "44.5953702161942",
        "longitudine": "27.390819316497"
    },
    {
        "latitudine": "44.5953702161942",
        "longitudine": "27.390819316497"
    },
    {
        "latitudine": "44.5617537",
        "longitudine": "27.3559899"
    },
    {
        "latitudine": "44.5617537",
        "longitudine": "27.3559899"
    },
    {
        "latitudine": "44.5617537",
        "longitudine": "27.3559899"
    },
    {
        "latitudine": "44.5617537",
        "longitudine": "27.3559899"
    },
    {
        "latitudine": "44.56387,27.35594",
        "longitudine": "44.56387,27.35594"
    },
    {
        "latitudine": "44.56387,27.35594",
        "longitudine": "44.56387,27.35594"
    },
    {
        "latitudine": "44.56387,27.35594",
        "longitudine": "44.56387,27.35594"
    },
    {
        "latitudine": "44.56387,27.35594",
        "longitudine": "44.56387,27.35594"
    },
    {
        "latitudine": "44.56387,27.35594",
        "longitudine": "44.56387,27.35594"
    },
    {
        "latitudine": "44.56287,27.36241",
        "longitudine": "44.56287,27.36241"
    },
    {
        "latitudine": "44.56287,27.36241",
        "longitudine": "44.56287,27.36241"
    },
    {
        "latitudine": "44.56287,27.36241",
        "longitudine": "44.56287,27.36241"
    },
    {
        "latitudine": "44.56287,27.36241",
        "longitudine": "44.56287,27.36241"
    },
    {
        "latitudine": "44.56287,27.36241",
        "longitudine": "44.56287,27.36241"
    },
    {
        "latitudine": "44.56287,27.36241",
        "longitudine": "44.56287,27.36241"
    },
    {
        "latitudine": "44.56906,27.36699",
        "longitudine": "44.56906,27.36699"
    },
    {
        "latitudine": "44.56906,27.36699",
        "longitudine": "44.56906,27.36699"
    },
    {
        "latitudine": "44.56889,27.36712",
        "longitudine": "44.56889,27.36712"
    },
    {
        "latitudine": "44.56889,27.36712",
        "longitudine": "44.56889,27.36712"
    },
    {
        "latitudine": "44.56889,27.36712",
        "longitudine": "44.56889,27.36712"
    },
    {
        "latitudine": "44.56889,27.36712",
        "longitudine": "44.56889,27.36712"
    },
    {
        "latitudine": "44.56889,27.36712",
        "longitudine": "44.56889,27.36712"
    },
    {
        "latitudine": "44.55821,27.39005",
        "longitudine": "44.55821,27.39005"
    },
    {
        "latitudine": "44.55821,27.39005",
        "longitudine": "44.55821,27.39005"
    },
    {
        "latitudine": "44.55821,27.39005",
        "longitudine": "44.55821,27.39005"
    },
    {
        "latitudine": "44.55731",
        "longitudine": "27.39108"
    },
    {
        "latitudine": "44.55731",
        "longitudine": "27.39108"
    },
    {
        "latitudine": "44.5693",
        "longitudine": "27.35966"
    },
    {
        "latitudine": "44.5693",
        "longitudine": "27.35966"
    },
    {
        "latitudine": "44.5693",
        "longitudine": "27.35966"
    },
    {
        "latitudine": "44.3338",
        "longitudine": "27.2224"
    },
    {
        "latitudine": "44.3338",
        "longitudine": "27.2224"
    },
    {
        "latitudine": "44.3338",
        "longitudine": "27.2224"
    },
    {
        "latitudine": "44.3338",
        "longitudine": "27.2224"
    },
    {
        "latitudine": "44.3338",
        "longitudine": "27.2224"
    },
    {
        "latitudine": "44.3338",
        "longitudine": "27.2224"
    },
    {
        "latitudine": "44.3338",
        "longitudine": "27.2224"
    },
    {
        "latitudine": "44.3338",
        "longitudine": "27.2224"
    },
    {
        "latitudine": "44.3338",
        "longitudine": "27.2224"
    },
    {
        "latitudine": "44.3338",
        "longitudine": "27.2224"
    },
    {
        "latitudine": "44.3338",
        "longitudine": "27.2224"
    },
    {
        "latitudine": "44.3338",
        "longitudine": "27.2224"
    },
    {
        "latitudine": "44.3338",
        "longitudine": "27.2224"
    },
    {
        "latitudine": "44.3338",
        "longitudine": "27.2224"
    },
    {
        "latitudine": "44.3338",
        "longitudine": "27.2224"
    },
    {
        "latitudine": "44.3338",
        "longitudine": "27.2224"
    },
    {
        "latitudine": "44.3338",
        "longitudine": "27.2224"
    },
    {
        "latitudine": "44.3338",
        "longitudine": "27.2224"
    },
    {
        "latitudine": "44.3338",
        "longitudine": "27.2224"
    },
    {
        "latitudine": "44.3338",
        "longitudine": "27.2224"
    },
    {
        "latitudine": "44.3338",
        "longitudine": "27.2224"
    },
    {
        "latitudine": "44.3338",
        "longitudine": "27.2224"
    },
    {
        "latitudine": "44.3338",
        "longitudine": "27.2224"
    },
    {
        "latitudine": "44.3338",
        "longitudine": "27.2224"
    },
    {
        "latitudine": "44.3338",
        "longitudine": "27.2224"
    },
    {
        "latitudine": "44.3325",
        "longitudine": "27.212"
    },
    {
        "latitudine": "44.3325",
        "longitudine": "27.212"
    },
    {
        "latitudine": "44.3325",
        "longitudine": "27.212"
    },
    {
        "latitudine": "44.3325",
        "longitudine": "27.212"
    }
]