[
    {
        "latitudine": "45.72707100067417",
        "longitudine": "21.20424244787421"
    },
    {
        "latitudine": "45.728440634424466",
        "longitudine": "21.205560963129027"
    },
    {
        "latitudine": "45.72871228557396",
        "longitudine": "21.205510144584345"
    },
    {
        "latitudine": "45.7282212677152",
        "longitudine": "21.205362940462724"
    },
    {
        "latitudine": "45.73248840393935",
        "longitudine": "21.208515246292354"
    },
    {
        "latitudine": "45.73274589269297",
        "longitudine": "21.208984021760333"
    },
    {
        "latitudine": "45.73249564554657",
        "longitudine": "21.21312884859655"
    },
    {
        "latitudine": "45.73265357214974",
        "longitudine": "21.213487988240413"
    },
    {
        "latitudine": "45.732631343939005",
        "longitudine": "21.215319659413904"
    },
    {
        "latitudine": "45.73254501153917",
        "longitudine": "21.21510301107958"
    },
    {
        "latitudine": "45.73494816955016",
        "longitudine": "21.226658322066264"
    },
    {
        "latitudine": "45.735220041626164",
        "longitudine": "21.22677368648428"
    },
    {
        "latitudine": "45.7513505066131",
        "longitudine": "21.2338423453801"
    },
    {
        "latitudine": "45.732739297622004",
        "longitudine": "21.219185698594586"
    },
    {
        "latitudine": "45.73289151372124",
        "longitudine": "21.219068629039015"
    },
    {
        "latitudine": "45.73631257843428",
        "longitudine": "21.230955561984636"
    },
    {
        "latitudine": "45.736474698050586",
        "longitudine": "21.231037158714102"
    },
    {
        "latitudine": "45.737057244102274",
        "longitudine": "21.233454036763714"
    },
    {
        "latitudine": "45.73729382015047",
        "longitudine": "21.233435782485618"
    },
    {
        "latitudine": "45.73847687620425",
        "longitudine": "21.238086632962048"
    },
    {
        "latitudine": "45.738777932756925",
        "longitudine": "21.23844788283021"
    },
    {
        "latitudine": "45.74118491847761",
        "longitudine": "21.238755662376796"
    },
    {
        "latitudine": "45.741407656175596",
        "longitudine": "21.238661822566865"
    },
    {
        "latitudine": "45.74525553223735",
        "longitudine": "21.241407225750514"
    },
    {
        "latitudine": "45.74671374228504",
        "longitudine": "21.240364284590477"
    },
    {
        "latitudine": "45.7436806395365",
        "longitudine": "21.23682903789274"
    },
    {
        "latitudine": "45.74364881838822",
        "longitudine": "21.237078483321667"
    },
    {
        "latitudine": "45.74534723744734",
        "longitudine": "21.235811959016157"
    },
    {
        "latitudine": "45.74526995660309",
        "longitudine": "21.23604245986418"
    },
    {
        "latitudine": "45.75185129634448",
        "longitudine": "21.23317712134973"
    },
    {
        "latitudine": "45.751855041809165",
        "longitudine": "21.23359820669177"
    },
    {
        "latitudine": "45.752603914936394",
        "longitudine": "21.23275340652419"
    },
    {
        "latitudine": "45.75263201468582",
        "longitudine": "21.232536644512955"
    },
    {
        "latitudine": "45.753112744760585",
        "longitudine": "21.23237371615861"
    },
    {
        "latitudine": "45.75317309928339",
        "longitudine": "21.232592242931943"
    },
    {
        "latitudine": "45.75359558467872",
        "longitudine": "21.23248664770004"
    },
    {
        "latitudine": "45.755495680219965",
        "longitudine": "21.233713480239835"
    },
    {
        "latitudine": "45.755528868419646",
        "longitudine": "21.23341262256833"
    },
    {
        "latitudine": "45.7582005639047",
        "longitudine": "21.23365731641648"
    },
    {
        "latitudine": "45.758483039423844",
        "longitudine": "21.232275364328295"
    },
    {
        "latitudine": "45.75774520262753",
        "longitudine": "21.233721923835855"
    },
    {
        "latitudine": "45.75973176989347",
        "longitudine": "21.227810443061905"
    },
    {
        "latitudine": "45.75948836130538",
        "longitudine": "21.2282858600294"
    },
    {
        "latitudine": "45.75939555349567",
        "longitudine": "21.227677317701346"
    },
    {
        "latitudine": "45.76415372140826",
        "longitudine": "21.224582068567376"
    },
    {
        "latitudine": "45.76458232723679",
        "longitudine": "21.225559940342617"
    },
    {
        "latitudine": "45.76434309666749",
        "longitudine": "21.225466530581652"
    },
    {
        "latitudine": "45.764542160542845",
        "longitudine": "21.224763381686913"
    },
    {
        "latitudine": "45.73117993003423",
        "longitudine": "21.207928103533636"
    },
    {
        "latitudine": "45.746823028829546",
        "longitudine": "21.235413701666896"
    },
    {
        "latitudine": "45.75494348576577",
        "longitudine": "21.23319250598424"
    },
    {
        "latitudine": "45.73880358063041",
        "longitudine": "21.209946163715998"
    },
    {
        "latitudine": "45.73929452785835",
        "longitudine": "21.210194898058592"
    },
    {
        "latitudine": "45.73950631811896",
        "longitudine": "21.2097631431375"
    },
    {
        "latitudine": "45.74082829000974",
        "longitudine": "21.211321741565726"
    },
    {
        "latitudine": "45.74137629680073",
        "longitudine": "21.21139865752062"
    },
    {
        "latitudine": "45.74280702540748",
        "longitudine": "21.212991492687724"
    },
    {
        "latitudine": "45.74314500432418",
        "longitudine": "21.21275171884776"
    },
    {
        "latitudine": "45.74422746636647",
        "longitudine": "21.214162564264775"
    },
    {
        "latitudine": "45.744765594493934",
        "longitudine": "21.214375975311594"
    },
    {
        "latitudine": "45.74845921702109",
        "longitudine": "21.21886020288747"
    },
    {
        "latitudine": "45.74883816761237",
        "longitudine": "21.219036587580305"
    },
    {
        "latitudine": "45.74931048389551",
        "longitudine": "21.220405154710004"
    },
    {
        "latitudine": "45.74922133592113",
        "longitudine": "21.219682974116964"
    },
    {
        "latitudine": "45.75124979468495",
        "longitudine": "21.223817773692495"
    },
    {
        "latitudine": "45.75286218661167",
        "longitudine": "21.220984824431316"
    },
    {
        "latitudine": "45.753169445303804",
        "longitudine": "21.221738091600724"
    },
    {
        "latitudine": "45.75163074061726",
        "longitudine": "21.21582195201214"
    },
    {
        "latitudine": "45.75192742981066",
        "longitudine": "21.216173906656373"
    },
    {
        "latitudine": "45.75299680806558",
        "longitudine": "21.215658657522706"
    },
    {
        "latitudine": "45.75672290373552",
        "longitudine": "21.21720457591115"
    },
    {
        "latitudine": "45.756517944765804",
        "longitudine": "21.216768686306736"
    },
    {
        "latitudine": "45.759977392278714",
        "longitudine": "21.218505596606448"
    },
    {
        "latitudine": "45.76035588492487",
        "longitudine": "21.218257928688423"
    },
    {
        "latitudine": "45.76315652823226",
        "longitudine": "21.220727986969873"
    },
    {
        "latitudine": "45.73607219428947",
        "longitudine": "21.20928926978745"
    },
    {
        "latitudine": "45.74686933772859",
        "longitudine": "21.216524634207488"
    },
    {
        "latitudine": "45.7461956464059",
        "longitudine": "21.215959386349887"
    },
    {
        "latitudine": "45.76536097699314",
        "longitudine": "21.260427986968697"
    },
    {
        "latitudine": "45.76578576372378",
        "longitudine": "21.260881747716006"
    },
    {
        "latitudine": "45.76369647068203",
        "longitudine": "21.255514575923794"
    },
    {
        "latitudine": "45.76392958835258",
        "longitudine": "21.255736384582857"
    },
    {
        "latitudine": "45.76366179277534",
        "longitudine": "21.251997432983522"
    },
    {
        "latitudine": "45.763438361421244",
        "longitudine": "21.25168472320746"
    },
    {
        "latitudine": "45.76244863342003",
        "longitudine": "21.247853351386734"
    },
    {
        "latitudine": "45.76278623344465",
        "longitudine": "21.247669618915168"
    },
    {
        "latitudine": "45.76219337500549",
        "longitudine": "21.245538628665678"
    },
    {
        "latitudine": "45.761933391622556",
        "longitudine": "21.245479037939518"
    },
    {
        "latitudine": "45.75763757999073",
        "longitudine": "21.225026120154382"
    },
    {
        "latitudine": "45.75803982357444",
        "longitudine": "21.224908105397592"
    },
    {
        "latitudine": "45.75598413092314",
        "longitudine": "21.224876675295413"
    },
    {
        "latitudine": "45.75625385778443",
        "longitudine": "21.224406093743333"
    },
    {
        "latitudine": "45.753486644651105",
        "longitudine": "21.223660669177498"
    },
    {
        "latitudine": "45.75362466781976",
        "longitudine": "21.223786733000047"
    },
    {
        "latitudine": "45.75031284642251",
        "longitudine": "21.207986269786993"
    },
    {
        "latitudine": "45.75037631689328",
        "longitudine": "21.207361850088276"
    },
    {
        "latitudine": "45.74778043142739",
        "longitudine": "21.2096964532445"
    },
    {
        "latitudine": "45.747702926987344",
        "longitudine": "21.209438626892833"
    },
    {
        "latitudine": "45.74716880852545",
        "longitudine": "21.209830591204415"
    },
    {
        "latitudine": "45.747049868481255",
        "longitudine": "21.20973346540954"
    },
    {
        "latitudine": "45.74500774227885",
        "longitudine": "21.211619409238494"
    },
    {
        "latitudine": "45.74516305575053",
        "longitudine": "21.211155563501357"
    },
    {
        "latitudine": "45.744404821771326",
        "longitudine": "21.2089479286847"
    },
    {
        "latitudine": "45.74436608207298",
        "longitudine": "21.20931122444737"
    },
    {
        "latitudine": "45.743473956783795",
        "longitudine": "21.207000086348597"
    },
    {
        "latitudine": "45.7616186335444",
        "longitudine": "21.24382402193736"
    },
    {
        "latitudine": "45.76039588492106",
        "longitudine": "21.241048599234656"
    },
    {
        "latitudine": "45.75962426633575",
        "longitudine": "21.237741953283308"
    },
    {
        "latitudine": "45.75905923379321",
        "longitudine": "21.236241195003263"
    },
    {
        "latitudine": "45.75870433025078",
        "longitudine": "21.236108513385663"
    },
    {
        "latitudine": "45.754026058454116",
        "longitudine": "21.225265071622758"
    },
    {
        "latitudine": "45.75012728001117",
        "longitudine": "21.20553422623519"
    },
    {
        "latitudine": "45.75032124452107",
        "longitudine": "21.206647987201357"
    },
    {
        "latitudine": "45.77005214877261",
        "longitudine": "21.219147520122135"
    },
    {
        "latitudine": "45.77014548177907",
        "longitudine": "21.21883889309886"
    },
    {
        "latitudine": "45.760627230254315",
        "longitudine": "21.248397316416487"
    },
    {
        "latitudine": "45.75979547545808",
        "longitudine": "21.249220610894017"
    },
    {
        "latitudine": "45.760314481485935",
        "longitudine": "21.259331951997492"
    },
    {
        "latitudine": "45.75939075869846",
        "longitudine": "21.258008717073416"
    },
    {
        "latitudine": "45.759111869366514",
        "longitudine": "21.258064344073766"
    },
    {
        "latitudine": "45.756811500119035",
        "longitudine": "21.255699940328025"
    },
    {
        "latitudine": "45.75677251312389",
        "longitudine": "21.2554254664"
    },
    {
        "latitudine": "45.75732865817452",
        "longitudine": "21.25143532585137"
    },
    {
        "latitudine": "45.75738816688646",
        "longitudine": "21.250359823586596"
    },
    {
        "latitudine": "45.75747109109256",
        "longitudine": "21.249324838297365"
    },
    {
        "latitudine": "45.757592571815074",
        "longitudine": "21.24901234683006"
    },
    {
        "latitudine": "45.75678506660264",
        "longitudine": "21.245211062558155"
    },
    {
        "latitudine": "45.75626869172068",
        "longitudine": "21.241674473604665"
    },
    {
        "latitudine": "45.75583869324656",
        "longitudine": "21.238175246298617"
    },
    {
        "latitudine": "45.755627543359",
        "longitudine": "21.238120014322647"
    },
    {
        "latitudine": "45.75565044686718",
        "longitudine": "21.231983351209443"
    },
    {
        "latitudine": "45.734278786322534",
        "longitudine": "21.23783371533641"
    },
    {
        "latitudine": "45.734502053204544",
        "longitudine": "21.237741807851187"
    },
    {
        "latitudine": "45.756380505664445",
        "longitudine": "21.223375698141567"
    },
    {
        "latitudine": "45.73449587520722",
        "longitudine": "21.225451499984914"
    },
    {
        "latitudine": "45.734757441318",
        "longitudine": "21.225356588852282"
    },
    {
        "latitudine": "45.75427880933231",
        "longitudine": "21.221390363154452"
    },
    {
        "latitudine": "45.74579085417137",
        "longitudine": "21.213702053961722"
    },
    {
        "latitudine": "45.74103575490221",
        "longitudine": "21.199017418378677"
    },
    {
        "latitudine": "45.73983500335614",
        "longitudine": "21.195622564095352"
    },
    {
        "latitudine": "45.74005876697006",
        "longitudine": "21.195488262463765"
    },
    {
        "latitudine": "45.7695019227616",
        "longitudine": "21.260559196902218"
    },
    {
        "latitudine": "45.748503133980705",
        "longitudine": "21.235269594127"
    },
    {
        "latitudine": "45.7493572980539",
        "longitudine": "21.236010945992067"
    },
    {
        "latitudine": "45.749113046644496",
        "longitudine": "21.235285364315143"
    },
    {
        "latitudine": "45.766366824505944",
        "longitudine": "21.244859809168382"
    },
    {
        "latitudine": "45.75573447907938",
        "longitudine": "21.236574517458866"
    },
    {
        "latitudine": "45.755495591637015",
        "longitudine": "21.23706854773172"
    },
    {
        "latitudine": "45.75571413078978",
        "longitudine": "21.235122403664395"
    },
    {
        "latitudine": "45.75553268792552",
        "longitudine": "21.234891341001124"
    },
    {
        "latitudine": "45.75587927722177",
        "longitudine": "21.229596368694363"
    },
    {
        "latitudine": "45.7559266648143",
        "longitudine": "21.229783629650875"
    },
    {
        "latitudine": "45.75589713431578",
        "longitudine": "21.23086075884757"
    },
    {
        "latitudine": "45.748220032137745",
        "longitudine": "21.239119808891207"
    },
    {
        "latitudine": "45.74282360366477",
        "longitudine": "21.204012944762596"
    },
    {
        "latitudine": "45.74177815678792",
        "longitudine": "21.201499721174688"
    },
    {
        "latitudine": "45.751163264423404",
        "longitudine": "21.22499332147284"
    },
    {
        "latitudine": "45.7514510636222",
        "longitudine": "21.2242754820265"
    },
    {
        "latitudine": "45.750601800687484",
        "longitudine": "21.226720202231366"
    },
    {
        "latitudine": "45.75082324377632",
        "longitudine": "21.226862841350712"
    },
    {
        "latitudine": "45.757167114012276",
        "longitudine": "21.22362021687752"
    },
    {
        "latitudine": "45.757379940653166",
        "longitudine": "21.22357854217287"
    },
    {
        "latitudine": "45.75842973514707",
        "longitudine": "21.222642845404103"
    },
    {
        "latitudine": "45.71332142373195",
        "longitudine": "21.192472255067717"
    },
    {
        "latitudine": "45.71281200637936",
        "longitudine": "21.19262648208751"
    },
    {
        "latitudine": "45.767440303153",
        "longitudine": "21.221679812360808"
    },
    {
        "latitudine": "45.76738043000338",
        "longitudine": "21.221985584169396"
    },
    {
        "latitudine": "45.76873120496673",
        "longitudine": "21.2202406104517"
    },
    {
        "latitudine": "45.76914162397047",
        "longitudine": "21.22031999816843"
    },
    {
        "latitudine": "45.77248552121857",
        "longitudine": "21.21649380550594"
    },
    {
        "latitudine": "45.77252378606369",
        "longitudine": "21.216408367324018"
    },
    {
        "latitudine": "45.76839025163243",
        "longitudine": "21.224011977580474"
    },
    {
        "latitudine": "45.76838561169764",
        "longitudine": "21.224253017344733"
    },
    {
        "latitudine": "45.770220979415335",
        "longitudine": "21.22295576963929"
    },
    {
        "latitudine": "45.77022839824027",
        "longitudine": "21.223629662892385"
    },
    {
        "latitudine": "45.77163222458733",
        "longitudine": "21.222768587853764"
    },
    {
        "latitudine": "45.774801203730945",
        "longitudine": "21.221307651237467"
    },
    {
        "latitudine": "45.77469501267287",
        "longitudine": "21.221661091717397"
    },
    {
        "latitudine": "45.769714769224116",
        "longitudine": "21.23042390487516"
    },
    {
        "latitudine": "45.769357159916815",
        "longitudine": "21.230493950475864"
    },
    {
        "latitudine": "45.77272623135807",
        "longitudine": "21.231702126397238"
    },
    {
        "latitudine": "45.77372929644807",
        "longitudine": "21.232021097240246"
    },
    {
        "latitudine": "45.77372712564281",
        "longitudine": "21.232162448935956"
    },
    {
        "latitudine": "45.77697955297097",
        "longitudine": "21.233589604601598"
    },
    {
        "latitudine": "45.776858238200894",
        "longitudine": "21.233269722850753"
    },
    {
        "latitudine": "45.76723220410652",
        "longitudine": "21.263249765002744"
    },
    {
        "latitudine": "45.767582140700526",
        "longitudine": "21.26352631013123"
    },
    {
        "latitudine": "45.73688682571333",
        "longitudine": "21.198127350784695"
    },
    {
        "latitudine": "45.73695889095951",
        "longitudine": "21.197547711194076"
    },
    {
        "latitudine": "45.77007759354074",
        "longitudine": "21.249383171146974"
    },
    {
        "latitudine": "45.76636589552304",
        "longitudine": "21.242971695461158"
    },
    {
        "latitudine": "45.763028535313325",
        "longitudine": "21.21043800042002"
    },
    {
        "latitudine": "45.76280773529446",
        "longitudine": "21.210824238490417"
    },
    {
        "latitudine": "45.75781249283028",
        "longitudine": "21.20922719787283"
    },
    {
        "latitudine": "45.757707696693096",
        "longitudine": "21.20924597333459"
    },
    {
        "latitudine": "45.73698441211159",
        "longitudine": "21.25061673001307"
    },
    {
        "latitudine": "45.73705431581952",
        "longitudine": "21.250192737761747"
    },
    {
        "latitudine": "45.73801431539784",
        "longitudine": "21.24482390338563"
    },
    {
        "latitudine": "45.73821916400875",
        "longitudine": "21.240563568727918"
    },
    {
        "latitudine": "45.73848586294982",
        "longitudine": "21.240523640755494"
    },
    {
        "latitudine": "45.74786822810294",
        "longitudine": "21.253758597231936"
    },
    {
        "latitudine": "45.75092435634077",
        "longitudine": "21.252030321643925"
    },
    {
        "latitudine": "45.7507873353134",
        "longitudine": "21.252453670231965"
    },
    {
        "latitudine": "45.752480098133816",
        "longitudine": "21.250811221169712"
    },
    {
        "latitudine": "45.752355204965916",
        "longitudine": "21.25051871693913"
    },
    {
        "latitudine": "45.75484150087755",
        "longitudine": "21.24937658559772"
    },
    {
        "latitudine": "45.75495304214685",
        "longitudine": "21.248994635342818"
    },
    {
        "latitudine": "45.754919560156864",
        "longitudine": "21.250143961876613"
    },
    {
        "latitudine": "45.7550740127543",
        "longitudine": "21.24991401992317"
    },
    {
        "latitudine": "45.73159868791473",
        "longitudine": "21.237235564716315"
    },
    {
        "latitudine": "45.719520802307805",
        "longitudine": "21.20876404994973"
    },
    {
        "latitudine": "45.719492712676086",
        "longitudine": "21.209079209495684"
    },
    {
        "latitudine": "45.7202373661498",
        "longitudine": "21.212034282516058"
    },
    {
        "latitudine": "45.72027060510242",
        "longitudine": "21.21175265057754"
    },
    {
        "latitudine": "45.724515806471494",
        "longitudine": "21.217608859803004"
    },
    {
        "latitudine": "45.724650189143254",
        "longitudine": "21.217425127936966"
    },
    {
        "latitudine": "45.729662680760875",
        "longitudine": "21.21876539041525"
    },
    {
        "latitudine": "45.72977072446108",
        "longitudine": "21.218657926699837"
    },
    {
        "latitudine": "45.748088862374125",
        "longitudine": "21.2442240493786"
    },
    {
        "latitudine": "45.73864957310937",
        "longitudine": "21.216079267853516"
    },
    {
        "latitudine": "45.73845991610572",
        "longitudine": "21.21580689494964"
    },
    {
        "latitudine": "45.74066495457721",
        "longitudine": "21.222901337756063"
    },
    {
        "latitudine": "45.740491106985864",
        "longitudine": "21.222769708340905"
    },
    {
        "latitudine": "45.744623996687864",
        "longitudine": "21.225628095406467"
    },
    {
        "latitudine": "45.74516494430332",
        "longitudine": "21.225544946919683"
    },
    {
        "latitudine": "45.74781769984808",
        "longitudine": "21.225661279462724"
    },
    {
        "latitudine": "45.74807843230317",
        "longitudine": "21.22534915278862"
    },
    {
        "latitudine": "45.733725001787676",
        "longitudine": "21.20229993840122"
    },
    {
        "latitudine": "45.73400348571475",
        "longitudine": "21.20226238747372"
    },
    {
        "latitudine": "45.74784413750075",
        "longitudine": "21.230962708878"
    }
]