[
    {
        "latitudine": "46.641351",
        "longitudine": " 27.734589"
    },
    {
        "latitudine": "46.641351",
        "longitudine": " 27.734589"
    },
    {
        "latitudine": "46.641351",
        "longitudine": " 27.734589"
    },
    {
        "latitudine": "46.639041",
        "longitudine": " 27.733319"
    },
    {
        "latitudine": "46.639041",
        "longitudine": " 27.733319"
    },
    {
        "latitudine": "46.638379",
        "longitudine": " 27.732734"
    },
    {
        "latitudine": "46.638379",
        "longitudine": " 27.732734"
    },
    {
        "latitudine": "46.634260",
        "longitudine": " 27.730587"
    },
    {
        "latitudine": "46.634260",
        "longitudine": " 27.730587"
    },
    {
        "latitudine": "46.634260",
        "longitudine": " 27.730587"
    },
    {
        "latitudine": "46.631788",
        "longitudine": " 27.729703"
    },
    {
        "latitudine": "46.631788",
        "longitudine": " 27.729703"
    },
    {
        "latitudine": "46.631788",
        "longitudine": " 27.729703"
    },
    {
        "latitudine": "46.630153",
        "longitudine": " 27.733763"
    },
    {
        "latitudine": "46.630153",
        "longitudine": " 27.733763"
    },
    {
        "latitudine": "46.629843",
        "longitudine": " 27.733663"
    },
    {
        "latitudine": "46.629843",
        "longitudine": " 27.733663"
    },
    {
        "latitudine": "46.631607",
        "longitudine": " 27.734633"
    },
    {
        "latitudine": "46.631607",
        "longitudine": " 27.734633"
    },
    {
        "latitudine": "46.630970",
        "longitudine": " 27.733266"
    },
    {
        "latitudine": "46.634301",
        "longitudine": " 27.735329"
    },
    {
        "latitudine": "46.633381",
        "longitudine": " 27.735211"
    },
    {
        "latitudine": "46.636755",
        "longitudine": " 27.735925"
    },
    {
        "latitudine": "46.637381",
        "longitudine": " 27.736214"
    },
    {
        "latitudine": "46.637992",
        "longitudine": " 27.736193"
    },
    {
        "latitudine": "46.642592",
        "longitudine": " 27.739015"
    },
    {
        "latitudine": "46.639287",
        "longitudine": " 27.734187"
    },
    {
        "latitudine": "46.639097",
        "longitudine": " 27.734136"
    },
    {
        "latitudine": "46.639097",
        "longitudine": " 27.734136"
    },
    {
        "latitudine": "46.639333",
        "longitudine": " 27.734230"
    },
    {
        "latitudine": "46.639333",
        "longitudine": " 27.734230"
    },
    {
        "latitudine": "46.639541",
        "longitudine": " 27.734407"
    },
    {
        "latitudine": "46.646863",
        "longitudine": " 27.738268"
    },
    {
        "latitudine": "46.646863",
        "longitudine": " 27.738268"
    },
    {
        "latitudine": "46.646863",
        "longitudine": " 27.738268"
    },
    {
        "latitudine": "46.649956",
        "longitudine": " 27.737724"
    },
    {
        "latitudine": "46.651789",
        "longitudine": " 27.737387"
    },
    {
        "latitudine": "46.651789",
        "longitudine": " 27.737387"
    },
    {
        "latitudine": "46.654649",
        "longitudine": " 27.737477"
    },
    {
        "latitudine": "46.654649",
        "longitudine": " 27.737477"
    },
    {
        "latitudine": "46.651721",
        "longitudine": " 27.736437"
    },
    {
        "latitudine": "46.651721",
        "longitudine": " 27.736437"
    },
    {
        "latitudine": "46.648456",
        "longitudine": " 27.727269"
    },
    {
        "latitudine": "46.648456",
        "longitudine": " 27.727269"
    },
    {
        "latitudine": "46.647706",
        "longitudine": " 27.725404"
    },
    {
        "latitudine": "46.644006",
        "longitudine": " 27.720026"
    },
    {
        "latitudine": "46.643851",
        "longitudine": " 27.719942"
    },
    {
        "latitudine": "46.642839",
        "longitudine": " 27.719439"
    },
    {
        "latitudine": "46.642267",
        "longitudine": " 27.719041"
    },
    {
        "latitudine": "46.641741",
        "longitudine": " 27.718079"
    },
    {
        "latitudine": "46.641741",
        "longitudine": " 27.718079"
    },
    {
        "latitudine": "46.641741",
        "longitudine": " 27.718079"
    },
    {
        "latitudine": "46.639095",
        "longitudine": " 27.721835"
    },
    {
        "latitudine": "46.639095",
        "longitudine": " 27.721835"
    },
    {
        "latitudine": "46.638796",
        "longitudine": " 27.721573"
    },
    {
        "latitudine": "46.638796",
        "longitudine": " 27.721573"
    },
    {
        "latitudine": "46.636803",
        "longitudine": " 27.724061"
    },
    {
        "latitudine": "46.636803",
        "longitudine": " 27.724061"
    },
    {
        "latitudine": "46.637077",
        "longitudine": " 27.723693"
    },
    {
        "latitudine": "46.635946",
        "longitudine": " 27.725017"
    },
    {
        "latitudine": "46.635946",
        "longitudine": " 27.725017"
    },
    {
        "latitudine": "46.644890",
        "longitudine": " 27.734007"
    },
    {
        "latitudine": "46.644895",
        "longitudine": " 27.734257"
    },
    {
        "latitudine": "46.644322",
        "longitudine": " 27.730813"
    },
    {
        "latitudine": "46.644322",
        "longitudine": " 27.730813"
    },
    {
        "latitudine": "46.643770",
        "longitudine": " 27.728253"
    },
    {
        "latitudine": "46.643504",
        "longitudine": " 27.725912"
    },
    {
        "latitudine": "46.643504",
        "longitudine": " 27.725912"
    },
    {
        "latitudine": "46.642438",
        "longitudine": " 27.723106"
    },
    {
        "latitudine": "46.644553",
        "longitudine": " 27.725727"
    },
    {
        "latitudine": "46.644553",
        "longitudine": " 27.725727"
    },
    {
        "latitudine": "46.644142",
        "longitudine": " 27.741973"
    },
    {
        "latitudine": "46.642928",
        "longitudine": " 27.735517"
    },
    {
        "latitudine": "46.643250",
        "longitudine": " 27.733693"
    },
    {
        "latitudine": "46.643250",
        "longitudine": " 27.733693"
    },
    {
        "latitudine": "46.641402",
        "longitudine": " 27.733122"
    },
    {
        "latitudine": "46.641402",
        "longitudine": " 27.733122"
    },
    {
        "latitudine": "46.640769",
        "longitudine": " 27.728956"
    },
    {
        "latitudine": "46.640769",
        "longitudine": " 27.728956"
    },
    {
        "latitudine": "46.641586",
        "longitudine": " 27.728822"
    },
    {
        "latitudine": "46.641898",
        "longitudine": " 27.728785"
    },
    {
        "latitudine": "46.638473",
        "longitudine": " 27.728747"
    },
    {
        "latitudine": "46.638385",
        "longitudine": " 27.728688"
    },
    {
        "latitudine": "46.637869",
        "longitudine": " 27.728817"
    },
    {
        "latitudine": "46.637839",
        "longitudine": " 27.728817"
    },
    {
        "latitudine": "46.634822",
        "longitudine": " 27.726247"
    },
    {
        "latitudine": "46.637945",
        "longitudine": " 27.733813"
    },
    {
        "latitudine": "46.637945",
        "longitudine": " 27.733813"
    },
    {
        "latitudine": "46.645810",
        "longitudine": " 27.734489"
    },
    {
        "latitudine": "46.640177",
        "longitudine": " 27.726821"
    },
    {
        "latitudine": "46.636271",
        "longitudine": " 27.723821"
    },
    {
        "latitudine": "46.641586",
        "longitudine": " 27.731341"
    },
    {
        "latitudine": "46.641586",
        "longitudine": " 27.731341"
    },
    {
        "latitudine": "46.638552",
        "longitudine": " 27.733716"
    },
    {
        "latitudine": "46.638552",
        "longitudine": " 27.733716"
    },
    {
        "latitudine": "46.625855",
        "longitudine": " 27.695467"
    },
    {
        "latitudine": "46.625855",
        "longitudine": " 27.695467"
    },
    {
        "latitudine": "46.625855",
        "longitudine": " 27.695467"
    },
    {
        "latitudine": "46.625855",
        "longitudine": " 27.695467"
    }
]